"../../../Engine/Plugins/2D/Paper2D/Content/PlaceholderTextures/DummySpriteTexture.ubulk" 0
"../../../Engine/Plugins/2D/Paper2D/Content/PlaceholderTextures/DummySpriteTexture.uasset" 1
"../../../Engine/Plugins/2D/Paper2D/Content/PlaceholderTextures/DummySpriteTexture.uexp" 2
"../../../Engine/Plugins/2D/Paper2D/Content/DummySprite.uasset" 3
"../../../Engine/Plugins/2D/Paper2D/Content/DummySprite.uexp" 4
"../../../Engine/Plugins/2D/Paper2D/Content/DefaultPaperTerrainMaterial.uasset" 5
"../../../Engine/Plugins/2D/Paper2D/Content/DefaultPaperTerrainMaterial.uexp" 6
"../../../Engine/Plugins/Animation/ACLPlugin/Content/ACLAnimCurveCompressionSettings.uasset" 7
"../../../Engine/Plugins/Animation/ACLPlugin/Content/ACLAnimCurveCompressionSettings.uexp" 8
"../../../Engine/Plugins/Animation/ACLPlugin/Content/ACLAnimBoneCompressionSettings.uasset" 9
"../../../Engine/Plugins/Animation/ACLPlugin/Content/ACLAnimBoneCompressionSettings.uexp" 10
"../../../Engine/Content/Animation/DefaultVariableFrameStrippingSettings.uasset" 11
"../../../Engine/Content/Animation/DefaultVariableFrameStrippingSettings.uexp" 12
"../../../Engine/Content/Animation/DefaultRecorderBoneCompression.uasset" 13
"../../../Engine/Content/Animation/DefaultRecorderBoneCompression.uexp" 14
"../../../Engine/Plugins/Animation/ControlRig/Content/Controls/DefaultGizmoLibraryNormalized.uasset" 15
"../../../Engine/Plugins/Animation/ControlRig/Content/Controls/DefaultGizmoLibraryNormalized.uexp" 16
"../../../Engine/Content/EngineSounds/Master.uasset" 17
"../../../Engine/Content/EngineSounds/Master.uexp" 18
"../../../Engine/Content/EngineMaterials/DefaultPhysicalMaterial.uasset" 19
"../../../Engine/Content/EngineMaterials/DefaultPhysicalMaterial.uexp" 20
"../../../Engine/Content/EngineMaterials/DefaultDestructiblePhysicalMaterial.uasset" 21
"../../../Engine/Content/EngineMaterials/DefaultDestructiblePhysicalMaterial.uexp" 22
"../../../Engine/Content/EngineFonts/Faces/DroidSansFallback.uexp" 23
"../../../Engine/Content/EngineFonts/Faces/DroidSansFallback.uasset" 24
"../../../Engine/Content/EngineFonts/Faces/DroidSansFallback.ufont" 25
"../../../Engine/Content/EngineFonts/Faces/RobotoRegular.uexp" 26
"../../../Engine/Content/EngineFonts/Faces/RobotoRegular.uasset" 27
"../../../Engine/Content/EngineFonts/Faces/RobotoRegular.ufont" 28
"../../../Engine/Content/EngineFonts/Faces/RobotoLight.uexp" 29
"../../../Engine/Content/EngineFonts/Faces/RobotoLight.uasset" 30
"../../../Engine/Content/EngineFonts/Faces/RobotoLight.ufont" 31
"../../../Engine/Content/EngineFonts/Faces/RobotoItalic.uexp" 32
"../../../Engine/Content/EngineFonts/Faces/RobotoItalic.uasset" 33
"../../../Engine/Content/EngineFonts/Faces/RobotoItalic.ufont" 34
"../../../Engine/Content/EngineFonts/Faces/RobotoBoldItalic.uexp" 35
"../../../Engine/Content/EngineFonts/Faces/RobotoBoldItalic.uasset" 36
"../../../Engine/Content/EngineFonts/Faces/RobotoBoldItalic.ufont" 37
"../../../Engine/Content/EngineFonts/Faces/RobotoBold.uexp" 38
"../../../Engine/Content/EngineFonts/Faces/RobotoBold.uasset" 39
"../../../Engine/Content/EngineFonts/Faces/RobotoBold.ufont" 40
"../../../Engine/Content/EngineFonts/Roboto.uasset" 41
"../../../Engine/Content/EngineFonts/Roboto.uexp" 42
"../../../Engine/Content/EngineFonts/Faces/DroidSansMono.uexp" 43
"../../../Engine/Content/EngineFonts/Faces/DroidSansMono.uasset" 44
"../../../Engine/Content/EngineFonts/Faces/DroidSansMono.ufont" 45
"../../../Engine/Content/EngineFonts/DroidSansMono.uasset" 46
"../../../Engine/Content/EngineFonts/DroidSansMono.uexp" 47
"../../../Engine/Plugins/Interchange/Runtime/Content/Pipelines/DefaultTexturePipeline.uasset" 48
"../../../Engine/Plugins/Interchange/Runtime/Content/Pipelines/DefaultTexturePipeline.uexp" 49
"../../../Engine/Plugins/Interchange/Runtime/Content/Pipelines/DefaultSceneLevelPipeline.uasset" 50
"../../../Engine/Plugins/Interchange/Runtime/Content/Pipelines/DefaultSceneLevelPipeline.uexp" 51
"../../../Engine/Plugins/Interchange/Runtime/Content/Pipelines/DefaultSceneAssetsPipeline.uasset" 52
"../../../Engine/Plugins/Interchange/Runtime/Content/Pipelines/DefaultSceneAssetsPipeline.uexp" 53
"../../../Engine/Plugins/Interchange/Runtime/Content/Pipelines/DefaultMaterialXPipeline.uasset" 54
"../../../Engine/Plugins/Interchange/Runtime/Content/Pipelines/DefaultMaterialXPipeline.uexp" 55
"../../../Engine/Plugins/Interchange/Runtime/Content/Pipelines/DefaultMaterialPipeline.uasset" 56
"../../../Engine/Plugins/Interchange/Runtime/Content/Pipelines/DefaultMaterialPipeline.uexp" 57
"../../../Engine/Plugins/Interchange/Runtime/Content/Pipelines/DefaultGLTFSceneAssetsPipeline.uasset" 58
"../../../Engine/Plugins/Interchange/Runtime/Content/Pipelines/DefaultGLTFSceneAssetsPipeline.uexp" 59
"../../../Engine/Plugins/Interchange/Runtime/Content/Pipelines/DefaultGLTFPipeline.uasset" 60
"../../../Engine/Plugins/Interchange/Runtime/Content/Pipelines/DefaultGLTFPipeline.uexp" 61
"../../../Engine/Plugins/Interchange/Runtime/Content/Pipelines/DefaultGLTFAssetsPipeline.uasset" 62
"../../../Engine/Plugins/Interchange/Runtime/Content/Pipelines/DefaultGLTFAssetsPipeline.uexp" 63
"../../../Engine/Plugins/Interchange/Runtime/Content/Pipelines/DefaultAssetsPipeline.uasset" 64
"../../../Engine/Plugins/Interchange/Runtime/Content/Pipelines/DefaultAssetsPipeline.uexp" 65
"../../../Engine/Content/MobileResources/HUD/VirtualJoystick_Thumb.uasset" 66
"../../../Engine/Content/MobileResources/HUD/VirtualJoystick_Thumb.uexp" 67
"../../../Engine/Content/MobileResources/HUD/VirtualJoystick_Background.uasset" 68
"../../../Engine/Content/MobileResources/HUD/VirtualJoystick_Background.uexp" 69
"../../../Engine/Content/MobileResources/HUD/DefaultVirtualJoysticks.uasset" 70
"../../../Engine/Content/MobileResources/HUD/DefaultVirtualJoysticks.uexp" 71
"../../../Engine/Content/EngineResources/GradientTexture0.uasset" 72
"../../../Engine/Content/EngineResources/GradientTexture0.uexp" 73
"../../../Engine/Content/EngineResources/Black.uasset" 74
"../../../Engine/Content/EngineResources/Black.uexp" 75
"../../../Engine/Content/EditorResources/S_Actor.ubulk" 76
"../../../Engine/Content/EditorResources/S_Actor.uasset" 77
"../../../Engine/Content/EditorResources/S_Actor.uexp" 78
"../../../Engine/Plugins/Runtime/CommonUI/Content/DefaultMediaTexture.uasset" 79
"../../../Engine/Plugins/Runtime/CommonUI/Content/DefaultMediaTexture.uexp" 80
"../../../Engine/Plugins/Runtime/CommonUI/Content/VideoPlayerMaterial.uasset" 81
"../../../Engine/Plugins/Runtime/CommonUI/Content/VideoPlayerMaterial.uexp" 82
"../../../Engine/Plugins/NNE/NNEDenoiser/Content/NNEDTOM_Output_Default.uasset" 83
"../../../Engine/Plugins/NNE/NNEDenoiser/Content/NNEDTOM_Output_Default.uexp" 84
"../../../Engine/Plugins/NNE/NNEDenoiser/Content/NNEDTOM_Output_Alpha.uasset" 85
"../../../Engine/Plugins/NNE/NNEDenoiser/Content/NNEDTOM_Output_Alpha.uexp" 86
"../../../Engine/Plugins/NNE/NNEDenoiser/Content/NNEDTIM_ColorAlbedoNormal_Default.uasset" 87
"../../../Engine/Plugins/NNE/NNEDenoiser/Content/NNEDTIM_ColorAlbedoNormal_Default.uexp" 88
"../../../Engine/Plugins/NNE/NNEDenoiser/Content/NNEDTIM_ColorAlbedoNormal_Alpha.uasset" 89
"../../../Engine/Plugins/NNE/NNEDenoiser/Content/NNEDTIM_ColorAlbedoNormal_Alpha.uexp" 90
"../../../Engine/Plugins/NNE/NNEDenoiser/Content/NNEDOM_Output_Default.uasset" 91
"../../../Engine/Plugins/NNE/NNEDenoiser/Content/NNEDOM_Output_Default.uexp" 92
"../../../Engine/Plugins/NNE/NNEDenoiser/Content/NNEDOM_Output_Alpha.uasset" 93
"../../../Engine/Plugins/NNE/NNEDenoiser/Content/NNEDOM_Output_Alpha.uexp" 94
"../../../Engine/Plugins/NNE/NNEDenoiser/Content/NNEDIM_HighQuality_Default.uasset" 95
"../../../Engine/Plugins/NNE/NNEDenoiser/Content/NNEDIM_HighQuality_Default.uexp" 96
"../../../Engine/Plugins/NNE/NNEDenoiser/Content/NNEDIM_HighQuality_Alpha.uasset" 97
"../../../Engine/Plugins/NNE/NNEDenoiser/Content/NNEDIM_HighQuality_Alpha.uexp" 98
"../../../Engine/Plugins/NNE/NNEDenoiser/Content/NNEDIM_ColorAlbedoNormal_Default.uasset" 99
"../../../Engine/Plugins/NNE/NNEDenoiser/Content/NNEDIM_ColorAlbedoNormal_Default.uexp" 100
"../../../Engine/Plugins/NNE/NNEDenoiser/Content/NNEDIM_ColorAlbedoNormal_Alpha.uasset" 101
"../../../Engine/Plugins/NNE/NNEDenoiser/Content/NNEDIM_ColorAlbedoNormal_Alpha.uexp" 102
"../../../Engine/Content/Functions/Engine_MaterialFunctions02/WorldPositionOffset/CameraOffset.uasset" 103
"../../../Engine/Content/Functions/Engine_MaterialFunctions02/WorldPositionOffset/CameraOffset.uexp" 104
"../../../Engine/Plugins/Animation/ControlRig/Content/M_Manip.uasset" 105
"../../../Engine/Plugins/Animation/ControlRig/Content/M_Manip.uexp" 106
"../../../Engine/Content/EditorResources/S_TriggerSphere.uasset" 107
"../../../Engine/Content/EditorResources/S_TriggerSphere.uexp" 108
"../../../Engine/Content/EditorResources/S_TriggerCapsule.uasset" 109
"../../../Engine/Content/EditorResources/S_TriggerCapsule.uexp" 110
"../../../Engine/Content/EditorResources/S_TriggerBox.uasset" 111
"../../../Engine/Content/EditorResources/S_TriggerBox.uexp" 112
"../../../Engine/Content/EditorResources/S_Trigger.ubulk" 113
"../../../Engine/Content/EditorResources/S_Trigger.uasset" 114
"../../../Engine/Content/EditorResources/S_Trigger.uexp" 115
"../../../Engine/Content/EditorResources/S_Terrain.ubulk" 116
"../../../Engine/Content/EditorResources/S_Terrain.uasset" 117
"../../../Engine/Content/EditorResources/S_Terrain.uexp" 118
"../../../Engine/Content/EditorResources/S_Solver.ubulk" 119
"../../../Engine/Content/EditorResources/S_Solver.uasset" 120
"../../../Engine/Content/EditorResources/S_Solver.uexp" 121
"../../../Engine/Content/EditorResources/S_BoxReflectionCapture.uasset" 122
"../../../Engine/Content/EditorResources/S_BoxReflectionCapture.uexp" 123
"../../../Engine/Content/EditorResources/BSPVertex.uasset" 124
"../../../Engine/Content/EditorResources/BSPVertex.uexp" 125
"../../../Engine/Content/EditorMaterials/PreviewShadowIndicator.ubulk" 126
"../../../Engine/Content/EditorMaterials/PreviewShadowIndicator.uasset" 127
"../../../Engine/Content/EditorMaterials/PreviewShadowIndicator.uexp" 128
"../../../Engine/Content/EditorMaterials/PreviewShadowIndicatorMaterial.uasset" 129
"../../../Engine/Content/EditorMaterials/PreviewShadowIndicatorMaterial.uexp" 130
"../../../Engine/Content/EditorMaterials/PhAT_UnselectedMaterial.uasset" 131
"../../../Engine/Content/EditorMaterials/PhAT_UnselectedMaterial.uexp" 132
"../../../Engine/Content/EditorMaterials/PhAT_NoCollisionMaterial.uasset" 133
"../../../Engine/Content/EditorMaterials/PhAT_NoCollisionMaterial.uexp" 134
"../../../Engine/Content/EditorLandscapeResources/WhiteSquareTexture.uasset" 135
"../../../Engine/Content/EditorLandscapeResources/WhiteSquareTexture.uexp" 136
"../../../Engine/Content/EditorLandscapeResources/LayerVisMaterial.uasset" 137
"../../../Engine/Content/EditorLandscapeResources/LayerVisMaterial.uexp" 138
"../../../Engine/Content/Functions/Engine_MaterialFunctions02/Utility/BreakOutFloat2Components.uasset" 139
"../../../Engine/Content/Functions/Engine_MaterialFunctions02/Utility/BreakOutFloat2Components.uexp" 140
"../../../Engine/Content/Functions/Engine_MaterialFunctions01/Texturing/ScaleUVsByCenter.uasset" 141
"../../../Engine/Content/Functions/Engine_MaterialFunctions01/Texturing/ScaleUVsByCenter.uexp" 142
"../../../Engine/Content/Functions/Engine_MaterialFunctions02/WorldPositionOffset/LocalPosition.uasset" 143
"../../../Engine/Content/Functions/Engine_MaterialFunctions02/WorldPositionOffset/LocalPosition.uexp" 144
"../../../Engine/Content/EngineMaterials/DefaultDiffuse.ubulk" 145
"../../../Engine/Content/EngineMaterials/DefaultDiffuse.uasset" 146
"../../../Engine/Content/EngineMaterials/DefaultDiffuse.uexp" 147
"../../../Engine/Content/Functions/Engine_MaterialFunctions01/Texturing/TextureCropping.uasset" 148
"../../../Engine/Content/Functions/Engine_MaterialFunctions01/Texturing/TextureCropping.uexp" 149
"../../../Engine/Content/Functions/Engine_MaterialFunctions02/ExampleContent/DebugNumberStrip.uasset" 150
"../../../Engine/Content/Functions/Engine_MaterialFunctions02/ExampleContent/DebugNumberStrip.uexp" 151
"../../../Engine/Content/Functions/Engine_MaterialFunctions01/Debug/DebugIntValues.uasset" 152
"../../../Engine/Content/Functions/Engine_MaterialFunctions01/Debug/DebugIntValues.uexp" 153
"../../../Engine/Content/EditorLandscapeResources/LandscapeLayerUsageMaterial.uasset" 154
"../../../Engine/Content/EditorLandscapeResources/LandscapeLayerUsageMaterial.uexp" 155
"../../../Engine/Content/EditorLandscapeResources/DefaultAlphaTexture.uasset" 156
"../../../Engine/Content/EditorLandscapeResources/DefaultAlphaTexture.uexp" 157
"../../../Engine/Content/EditorLandscapeResources/LandscapeDirtyMaterial.uasset" 158
"../../../Engine/Content/EditorLandscapeResources/LandscapeDirtyMaterial.uexp" 159
"../../../Engine/Content/Functions/Engine_MaterialFunctions02/Utility/VectorLength.uasset" 160
"../../../Engine/Content/Functions/Engine_MaterialFunctions02/Utility/VectorLength.uexp" 161
"../../../Engine/Content/Functions/Engine_MaterialFunctions02/WorldPositionOffset/ObjectScale.uasset" 162
"../../../Engine/Content/Functions/Engine_MaterialFunctions02/WorldPositionOffset/ObjectScale.uexp" 163
"../../../Engine/Content/Functions/Engine_MaterialFunctions02/Utility/BreakOutFloat3Components.uasset" 164
"../../../Engine/Content/Functions/Engine_MaterialFunctions02/Utility/BreakOutFloat3Components.uexp" 165
"../../../Engine/Content/Functions/Engine_MaterialFunctions02/SafeNormalize.uasset" 166
"../../../Engine/Content/Functions/Engine_MaterialFunctions02/SafeNormalize.uexp" 167
"../../../Engine/Plugins/Editor/SpeedTreeImporter/Content/SpeedTree9/UnpackInteger3.uasset" 168
"../../../Engine/Plugins/Editor/SpeedTreeImporter/Content/SpeedTree9/UnpackInteger3.uexp" 169
"../../../Engine/Plugins/Editor/SpeedTreeImporter/Content/SpeedTree9/UnpackDirection.uasset" 170
"../../../Engine/Plugins/Editor/SpeedTreeImporter/Content/SpeedTree9/UnpackDirection.uexp" 171
"../../../Engine/Plugins/Editor/SpeedTreeImporter/Content/SpeedTree9/game_wind_noise.ubulk" 172
"../../../Engine/Plugins/Editor/SpeedTreeImporter/Content/SpeedTree9/game_wind_noise.uasset" 173
"../../../Engine/Plugins/Editor/SpeedTreeImporter/Content/SpeedTree9/game_wind_noise.uexp" 174
"../../../Engine/Plugins/Editor/SpeedTreeImporter/Content/SpeedTree9/SpeedTreeWindMotion.uasset" 175
"../../../Engine/Plugins/Editor/SpeedTreeImporter/Content/SpeedTree9/SpeedTreeWindMotion.uexp" 176
"../../../Engine/Plugins/Editor/SpeedTreeImporter/Content/SpeedTree9/SpeedTreeBranchMotion.uasset" 177
"../../../Engine/Plugins/Editor/SpeedTreeImporter/Content/SpeedTree9/SpeedTreeBranchMotion.uexp" 178
"../../../Engine/Content/Functions/Engine_MaterialFunctions02/ObjectLocalBounds.uasset" 179
"../../../Engine/Content/Functions/Engine_MaterialFunctions02/ObjectLocalBounds.uexp" 180
"../../../Engine/Content/Functions/Engine_MaterialFunctions02/UVs/BoundingBoxBased_0-1_UVW.uasset" 181
"../../../Engine/Content/Functions/Engine_MaterialFunctions02/UVs/BoundingBoxBased_0-1_UVW.uexp" 182
"../../../Engine/Plugins/Editor/SpeedTreeImporter/Content/SpeedTree9/SpeedTreeWind.uasset" 183
"../../../Engine/Plugins/Editor/SpeedTreeImporter/Content/SpeedTree9/SpeedTreeWind.uexp" 184
"../../../Engine/Plugins/Editor/SpeedTreeImporter/Content/SpeedTree9/SpeedTreeCameraFacing.uasset" 185
"../../../Engine/Plugins/Editor/SpeedTreeImporter/Content/SpeedTree9/SpeedTreeCameraFacing.uexp" 186
"../../../Engine/Plugins/Editor/SpeedTreeImporter/Content/SpeedTree9/EmptyNormal.uasset" 187
"../../../Engine/Plugins/Editor/SpeedTreeImporter/Content/SpeedTree9/EmptyNormal.uexp" 188
"../../../Engine/Plugins/Editor/SpeedTreeImporter/Content/SpeedTree9/Empty.uasset" 189
"../../../Engine/Plugins/Editor/SpeedTreeImporter/Content/SpeedTree9/Empty.uexp" 190
"../../../Engine/Plugins/Editor/SpeedTreeImporter/Content/SpeedTree9/SpeedTreeMaster.uasset" 191
"../../../Engine/Plugins/Editor/SpeedTreeImporter/Content/SpeedTree9/SpeedTreeMaster.uexp" 192
"../../../Engine/Plugins/Editor/SpeedTreeImporter/Content/SpeedTree9/SpeedTreeBillboard.uasset" 193
"../../../Engine/Plugins/Editor/SpeedTreeImporter/Content/SpeedTree9/SpeedTreeBillboard.uexp" 194
"../../../Engine/Plugins/Editor/SpeedTreeImporter/Content/SpeedTree9/SpeedTreeBillboardMaster.uasset" 195
"../../../Engine/Plugins/Editor/SpeedTreeImporter/Content/SpeedTree9/SpeedTreeBillboardMaster.uexp" 196
"../../../Engine/Plugins/Animation/ControlRig/Content/Controls/ControlRigXRayMaterial.uasset" 197
"../../../Engine/Plugins/Animation/ControlRig/Content/Controls/ControlRigXRayMaterial.uexp" 198
"../../../Engine/Plugins/Animation/ControlRig/Content/Controls/ControlRigGizmoMaterial.uasset" 199
"../../../Engine/Plugins/Animation/ControlRig/Content/Controls/ControlRigGizmoMaterial.uexp" 200
"../../../Engine/Content/EngineMaterials/RemoveSurfaceMaterial.uasset" 201
"../../../Engine/Content/EngineMaterials/RemoveSurfaceMaterial.uexp" 202
"../../../Engine/Content/EngineMaterials/PreintegratedSkinBRDF.uasset" 203
"../../../Engine/Content/EngineMaterials/PreintegratedSkinBRDF.uexp" 204
"../../../Engine/Content/EngineMaterials/DefaultCalibrationGrayscale.uasset" 205
"../../../Engine/Content/EngineMaterials/DefaultCalibrationGrayscale.uexp" 206
"../../../Engine/Content/EngineMaterials/PPM_DefaultCalibrationGrayscale.uasset" 207
"../../../Engine/Content/EngineMaterials/PPM_DefaultCalibrationGrayscale.uexp" 208
"../../../Engine/Content/EngineMaterials/DefaultCalibrationColor.uasset" 209
"../../../Engine/Content/EngineMaterials/DefaultCalibrationColor.uexp" 210
"../../../Engine/Content/EngineMaterials/PPM_DefaultCalibrationColor.uasset" 211
"../../../Engine/Content/EngineMaterials/PPM_DefaultCalibrationColor.uexp" 212
"../../../Engine/Content/EngineMaterials/PhAT_JointLimitMaterial.uasset" 213
"../../../Engine/Content/EngineMaterials/PhAT_JointLimitMaterial.uexp" 214
"../../../Engine/Content/EngineMaterials/InvalidLightmapSettings.ubulk" 215
"../../../Engine/Content/EngineMaterials/InvalidLightmapSettings.uasset" 216
"../../../Engine/Content/EngineMaterials/InvalidLightmapSettings.uexp" 217
"../../../Engine/Content/EngineMaterials/M_InvalidLightmapSettings.uasset" 218
"../../../Engine/Content/EngineMaterials/M_InvalidLightmapSettings.uexp" 219
"../../../Engine/Content/EngineMaterials/MiniFont.uasset" 220
"../../../Engine/Content/EngineMaterials/MiniFont.uexp" 221
"../../../Engine/Content/EngineMaterials/GizmoMaterial.uasset" 222
"../../../Engine/Content/EngineMaterials/GizmoMaterial.uexp" 223
"../../../Engine/Content/EngineMaterials/BaseFlattenNormalMap_VT.ubulk" 224
"../../../Engine/Content/EngineMaterials/BaseFlattenNormalMap_VT.uasset" 225
"../../../Engine/Content/EngineMaterials/BaseFlattenNormalMap_VT.uexp" 226
"../../../Engine/Content/EngineMaterials/BaseFlattenDiffuseMap_VT.ubulk" 227
"../../../Engine/Content/EngineMaterials/BaseFlattenDiffuseMap_VT.uasset" 228
"../../../Engine/Content/EngineMaterials/BaseFlattenDiffuseMap_VT.uexp" 229
"../../../Engine/Content/EngineMaterials/BaseFlattenEmissiveMap_VT.ubulk" 230
"../../../Engine/Content/EngineMaterials/BaseFlattenEmissiveMap_VT.uasset" 231
"../../../Engine/Content/EngineMaterials/BaseFlattenEmissiveMap_VT.uexp" 232
"../../../Engine/Content/EngineMaterials/BaseFlattenLinearColor_VT.ubulk" 233
"../../../Engine/Content/EngineMaterials/BaseFlattenLinearColor_VT.uasset" 234
"../../../Engine/Content/EngineMaterials/BaseFlattenLinearColor_VT.uexp" 235
"../../../Engine/Content/EngineMaterials/BaseFlattenGrayscaleMap_VT.ubulk" 236
"../../../Engine/Content/EngineMaterials/BaseFlattenGrayscaleMap_VT.uasset" 237
"../../../Engine/Content/EngineMaterials/BaseFlattenGrayscaleMap_VT.uexp" 238
"../../../Engine/Content/EngineMaterials/Black_1x1_EXR_Texture_VT.ubulk" 239
"../../../Engine/Content/EngineMaterials/Black_1x1_EXR_Texture_VT.uasset" 240
"../../../Engine/Content/EngineMaterials/Black_1x1_EXR_Texture_VT.uexp" 241
"../../../Engine/Content/EngineMaterials/FlattenMaterial_WS_Normal_VT.uasset" 242
"../../../Engine/Content/EngineMaterials/FlattenMaterial_WS_Normal_VT.uexp" 243
"../../../Engine/Content/EngineMaterials/FlattenMaterial_VT.uasset" 244
"../../../Engine/Content/EngineMaterials/FlattenMaterial_VT.uexp" 245
"../../../Engine/Content/EngineMaterials/BaseFlattenNormalMap.uasset" 246
"../../../Engine/Content/EngineMaterials/BaseFlattenNormalMap.uexp" 247
"../../../Engine/Content/EngineMaterials/BaseFlattenDiffuseMap.uasset" 248
"../../../Engine/Content/EngineMaterials/BaseFlattenDiffuseMap.uexp" 249
"../../../Engine/Content/EngineMaterials/BaseFlattenEmissiveMap.uasset" 250
"../../../Engine/Content/EngineMaterials/BaseFlattenEmissiveMap.uexp" 251
"../../../Engine/Content/EngineMaterials/BaseFlattenGrayscaleMap.uasset" 252
"../../../Engine/Content/EngineMaterials/BaseFlattenGrayscaleMap.uexp" 253
"../../../Engine/Content/EngineMaterials/BaseFlattenLinearColor.uasset" 254
"../../../Engine/Content/EngineMaterials/BaseFlattenLinearColor.uexp" 255
"../../../Engine/Content/Functions/Engine_MaterialFunctions02/PivotPainter2/Black_1x1_EXR_Texture.uasset" 256
"../../../Engine/Content/Functions/Engine_MaterialFunctions02/PivotPainter2/Black_1x1_EXR_Texture.uexp" 257
"../../../Engine/Content/EngineMaterials/FlattenMaterial.uasset" 258
"../../../Engine/Content/EngineMaterials/FlattenMaterial.uexp" 259
"../../../Engine/Content/EngineMaterials/FastBlueNoise_vec2_128x128x64.uasset" 260
"../../../Engine/Content/EngineMaterials/FastBlueNoise_vec2_128x128x64.uexp" 261
"../../../Engine/Content/EngineMaterials/FastBlueNoise_scalar_128x128x8.uasset" 262
"../../../Engine/Content/EngineMaterials/FastBlueNoise_scalar_128x128x8.uexp" 263
"../../../Engine/Content/EngineMaterials/FastBlueNoise_scalar_128x128x64.uasset" 264
"../../../Engine/Content/EngineMaterials/FastBlueNoise_scalar_128x128x64.uexp" 265
"../../../Engine/Content/EngineMaterials/DefaultWhiteGrid_Low.uasset" 266
"../../../Engine/Content/EngineMaterials/DefaultWhiteGrid_Low.uexp" 267
"../../../Engine/Content/EngineMaterials/EmissiveMeshMaterial.uasset" 268
"../../../Engine/Content/EngineMaterials/EmissiveMeshMaterial.uexp" 269
"../../../Engine/Content/EngineFonts/RobotoDistanceField.uasset" 270
"../../../Engine/Content/EngineFonts/RobotoDistanceField.uexp" 271
"../../../Engine/Content/EngineMaterials/DefaultTextMaterialOpaque.uasset" 272
"../../../Engine/Content/EngineMaterials/DefaultTextMaterialOpaque.uexp" 273
"../../../Engine/Content/EngineMaterials/DefaultPostProcessMaterial.uasset" 274
"../../../Engine/Content/EngineMaterials/DefaultPostProcessMaterial.uexp" 275
"../../../Engine/Content/EngineMaterials/DefaultLightFunctionMaterial.uasset" 276
"../../../Engine/Content/EngineMaterials/DefaultLightFunctionMaterial.uexp" 277
"../../../Engine/Content/EngineMaterials/DefaultDeferredDecalMaterial.uasset" 278
"../../../Engine/Content/EngineMaterials/DefaultDeferredDecalMaterial.uexp" 279
"../../../Engine/Content/EngineMaterials/DefaultBokeh.uasset" 280
"../../../Engine/Content/EngineMaterials/DefaultBokeh.uexp" 281
"../../../Engine/Content/EngineMaterials/DefaultBloomKernel.uasset" 282
"../../../Engine/Content/EngineMaterials/DefaultBloomKernel.uexp" 283
"../../../Engine/Content/Functions/Engine_MaterialFunctions02/Utility/CameraDirectionVector.uasset" 284
"../../../Engine/Content/Functions/Engine_MaterialFunctions02/Utility/CameraDirectionVector.uexp" 285
"../../../Engine/Content/EngineDebugMaterials/VolumeToRender.uasset" 286
"../../../Engine/Content/EngineDebugMaterials/VolumeToRender.uexp" 287
"../../../Engine/Content/EngineDebugMaterials/M_VolumeRenderSphereTracePP.uasset" 288
"../../../Engine/Content/EngineDebugMaterials/M_VolumeRenderSphereTracePP.uexp" 289
"../../../Engine/Content/EngineDebugMaterials/M_SimpleUnlitTranslucent.uasset" 290
"../../../Engine/Content/EngineDebugMaterials/M_SimpleUnlitTranslucent.uexp" 291
"../../../Engine/Content/EngineDebugMaterials/DebugMeshMaterial.uasset" 292
"../../../Engine/Content/EngineDebugMaterials/DebugMeshMaterial.uexp" 293
"../../../Engine/Content/EngineDebugMaterials/DebugEditorMaterial.uasset" 294
"../../../Engine/Content/EngineDebugMaterials/DebugEditorMaterial.uexp" 295
"../../../Engine/Content/EngineDamageTypes/DmgTypeBP_Environmental.uasset" 296
"../../../Engine/Content/EngineDamageTypes/DmgTypeBP_Environmental.uexp" 297
"../../../Engine/Plugins/VirtualProduction/CameraCalibrationCore/Content/Materials/M_DefaultOddSquare.uasset" 298
"../../../Engine/Plugins/VirtualProduction/CameraCalibrationCore/Content/Materials/M_DefaultOddSquare.uexp" 299
"../../../Engine/Plugins/VirtualProduction/CameraCalibrationCore/Content/Materials/M_DefaultEvenSquare.uasset" 300
"../../../Engine/Plugins/VirtualProduction/CameraCalibrationCore/Content/Materials/M_DefaultEvenSquare.uexp" 301
"../../../Engine/Plugins/Runtime/HairStrands/Content/Materials/HairMeshesDefaultMaterial.uasset" 302
"../../../Engine/Plugins/Runtime/HairStrands/Content/Materials/HairMeshesDefaultMaterial.uexp" 303
"../../../Engine/Plugins/Runtime/HairStrands/Content/Materials/HairDefaultMaterial.uasset" 304
"../../../Engine/Plugins/Runtime/HairStrands/Content/Materials/HairDefaultMaterial.uexp" 305
"../../../Engine/Content/Functions/Engine_MaterialFunctions02/Utility/MakeFloat2.uasset" 306
"../../../Engine/Content/Functions/Engine_MaterialFunctions02/Utility/MakeFloat2.uexp" 307
"../../../Engine/Content/Functions/Engine_MaterialFunctions02/Utility/MakeFloat3.uasset" 308
"../../../Engine/Content/Functions/Engine_MaterialFunctions02/Utility/MakeFloat3.uexp" 309
"../../../Engine/Content/EngineMaterials/HairDebugColor.uasset" 310
"../../../Engine/Content/EngineMaterials/HairDebugColor.uexp" 311
"../../../Engine/Content/EngineMaterials/HairColorMap.uasset" 312
"../../../Engine/Content/EngineMaterials/HairColorMap.uexp" 313
"../../../Engine/Plugins/Runtime/HairStrands/Content/Materials/HairGroupColors.uasset" 314
"../../../Engine/Plugins/Runtime/HairStrands/Content/Materials/HairGroupColors.uexp" 315
"../../../Engine/Plugins/Runtime/HairStrands/Content/Materials/HairDebugMaterial.uasset" 316
"../../../Engine/Plugins/Runtime/HairStrands/Content/Materials/HairDebugMaterial.uexp" 317
"../../../Engine/Plugins/Runtime/HairStrands/Content/Materials/HairCardsDefaultMaterial.uasset" 318
"../../../Engine/Plugins/Runtime/HairStrands/Content/Materials/HairCardsDefaultMaterial.uexp" 319
"../../../Engine/Plugins/Runtime/AudioWidgets/Content/Resources/ScrubHandleDown_Clamped.uasset" 320
"../../../Engine/Plugins/Runtime/AudioWidgets/Content/Resources/ScrubHandleDown_Clamped.uexp" 321
"../../../Engine/Plugins/Interchange/Assets/Content/Functions/MX_UsdPreviewSurface.uasset" 322
"../../../Engine/Plugins/Interchange/Assets/Content/Functions/MX_UsdPreviewSurface.uexp" 323
"../../../Engine/Plugins/Interchange/Assets/Content/Functions/MX_UniformEDF.uasset" 324
"../../../Engine/Plugins/Interchange/Assets/Content/Functions/MX_UniformEDF.uexp" 325
"../../../Engine/Plugins/Interchange/Assets/Content/Functions/MX_TranslucentBSDF.uasset" 326
"../../../Engine/Plugins/Interchange/Assets/Content/Functions/MX_TranslucentBSDF.uexp" 327
"../../../Engine/Plugins/Interchange/Assets/Content/Functions/MX_ThinFilmBSDF.uasset" 328
"../../../Engine/Plugins/Interchange/Assets/Content/Functions/MX_ThinFilmBSDF.uexp" 329
"../../../Engine/Plugins/Interchange/Assets/Content/Functions/MX_SurfaceUnlit.uasset" 330
"../../../Engine/Plugins/Interchange/Assets/Content/Functions/MX_SurfaceUnlit.uexp" 331
"../../../Engine/Plugins/Interchange/Assets/Content/Functions/MX_Surface.uasset" 332
"../../../Engine/Plugins/Interchange/Assets/Content/Functions/MX_Surface.uexp" 333
"../../../Engine/Plugins/Interchange/Assets/Content/Functions/MX_SubsurfaceBSDF.uasset" 334
"../../../Engine/Plugins/Interchange/Assets/Content/Functions/MX_SubsurfaceBSDF.uexp" 335
"../../../Engine/Plugins/Interchange/Assets/Content/Functions/MX_SheenBSDF.uasset" 336
"../../../Engine/Plugins/Interchange/Assets/Content/Functions/MX_SheenBSDF.uexp" 337
"../../../Engine/Plugins/Interchange/Assets/Content/Functions/MX_OrenNayarBSDF.uasset" 338
"../../../Engine/Plugins/Interchange/Assets/Content/Functions/MX_OrenNayarBSDF.uexp" 339
"../../../Engine/Plugins/Interchange/Assets/Content/Functions/MF_IridescenceNoLUT.uasset" 340
"../../../Engine/Plugins/Interchange/Assets/Content/Functions/MF_IridescenceNoLUT.uexp" 341
"../../../Engine/Plugins/Interchange/Assets/Content/Functions/MX_StandardSurface.uasset" 342
"../../../Engine/Plugins/Interchange/Assets/Content/Functions/MX_StandardSurface.uexp" 343
"../../../Engine/Plugins/Interchange/Assets/Content/Functions/MX_TransmissionSurface.uasset" 344
"../../../Engine/Plugins/Interchange/Assets/Content/Functions/MX_TransmissionSurface.uexp" 345
"../../../Engine/Plugins/Interchange/Assets/Content/Functions/MX_OpenPBR_Translucent.uasset" 346
"../../../Engine/Plugins/Interchange/Assets/Content/Functions/MX_OpenPBR_Translucent.uexp" 347
"../../../Engine/Plugins/Interchange/Assets/Content/Functions/MX_OpenPBR_Opaque.uasset" 348
"../../../Engine/Plugins/Interchange/Assets/Content/Functions/MX_OpenPBR_Opaque.uexp" 349
"../../../Engine/Plugins/Interchange/Assets/Content/Functions/MX_MeasuredEDF.uasset" 350
"../../../Engine/Plugins/Interchange/Assets/Content/Functions/MX_MeasuredEDF.uexp" 351
"../../../Engine/Plugins/Interchange/Assets/Content/Functions/MX_GeneralizedSchlickBSDF.uasset" 352
"../../../Engine/Plugins/Interchange/Assets/Content/Functions/MX_GeneralizedSchlickBSDF.uexp" 353
"../../../Engine/Content/Functions/Engine_MaterialFunctions02/Utility/BlendAngleCorrectedNormals.uasset" 354
"../../../Engine/Content/Functions/Engine_MaterialFunctions02/Utility/BlendAngleCorrectedNormals.uexp" 355
"../../../Engine/Plugins/Interchange/Assets/Content/Functions/MX_Displacement.uasset" 356
"../../../Engine/Plugins/Interchange/Assets/Content/Functions/MX_Displacement.uexp" 357
"../../../Engine/Plugins/Interchange/Assets/Content/Functions/MX_DielectricBSDF.uasset" 358
"../../../Engine/Plugins/Interchange/Assets/Content/Functions/MX_DielectricBSDF.uexp" 359
"../../../Engine/Plugins/Interchange/Assets/Content/Functions/MX_ConicalEDF.uasset" 360
"../../../Engine/Plugins/Interchange/Assets/Content/Functions/MX_ConicalEDF.uexp" 361
"../../../Engine/Plugins/Interchange/Assets/Content/Functions/MX_ConductorBSDF.uasset" 362
"../../../Engine/Plugins/Interchange/Assets/Content/Functions/MX_ConductorBSDF.uexp" 363
"../../../Engine/Plugins/Interchange/Assets/Content/Functions/MX_BurleyDiffuseBSDF.uasset" 364
"../../../Engine/Plugins/Interchange/Assets/Content/Functions/MX_BurleyDiffuseBSDF.uexp" 365
"../../../Engine/Plugins/Interchange/Assets/Content/Functions/MX_AnisotropicVDF.uasset" 366
"../../../Engine/Plugins/Interchange/Assets/Content/Functions/MX_AnisotropicVDF.uexp" 367
"../../../Engine/Plugins/Interchange/Assets/Content/Functions/MX_AbsorptionVDF.uasset" 368
"../../../Engine/Plugins/Interchange/Assets/Content/Functions/MX_AbsorptionVDF.uexp" 369
"../../../Engine/Content/EditorMaterials/ParticleSystems/PSysThumbnail_OOD.ubulk" 370
"../../../Engine/Content/EditorMaterials/ParticleSystems/PSysThumbnail_OOD.uasset" 371
"../../../Engine/Content/EditorMaterials/ParticleSystems/PSysThumbnail_OOD.uexp" 372
"../../../Engine/Content/EditorMaterials/ParticleSystems/PSysThumbnail_NoImage.ubulk" 373
"../../../Engine/Content/EditorMaterials/ParticleSystems/PSysThumbnail_NoImage.uasset" 374
"../../../Engine/Content/EditorMaterials/ParticleSystems/PSysThumbnail_NoImage.uexp" 375
"../../../Engine/Content/EditorMaterials/Dataflow/DataflowVertexMaterial.uasset" 376
"../../../Engine/Content/EditorMaterials/Dataflow/DataflowVertexMaterial.uexp" 377
"../../../Engine/Content/EditorMaterials/Dataflow/DataflowTwoSidedVertexMaterial.uasset" 378
"../../../Engine/Content/EditorMaterials/Dataflow/DataflowTwoSidedVertexMaterial.uexp" 379
"../../../Engine/Content/EngineResources/FilmGrains/Marcie_Grain_v3_128_M2_000.uasset" 380
"../../../Engine/Content/EngineResources/FilmGrains/Marcie_Grain_v3_128_M2_000.uexp" 381
"../../../Engine/Content/EngineResources/Development/ZenLogo_64.uasset" 382
"../../../Engine/Content/EngineResources/Development/ZenLogo_64.uexp" 383
"../../../Engine/Content/EngineMaterials/LTC/Sheen_LTC.uasset" 384
"../../../Engine/Content/EngineMaterials/LTC/Sheen_LTC.uexp" 385
"../../../Engine/Content/EngineMaterials/LTC/GGX_LTCMat.uasset" 386
"../../../Engine/Content/EngineMaterials/LTC/GGX_LTCMat.uexp" 387
"../../../Engine/Content/EngineMaterials/LTC/GGX_LTCAmp.uasset" 388
"../../../Engine/Content/EngineMaterials/LTC/GGX_LTCAmp.uexp" 389
"../../../Engine/Content/EngineMaterials/EnergyConservation/Sheen_Energy.uasset" 390
"../../../Engine/Content/EngineMaterials/EnergyConservation/Sheen_Energy.uexp" 391
"../../../Engine/Content/EngineMaterials/EnergyConservation/SheenLegacy_Energy.uasset" 392
"../../../Engine/Content/EngineMaterials/EnergyConservation/SheenLegacy_Energy.uexp" 393
"../../../Engine/Content/EngineMaterials/EnergyConservation/GGX_TransmissionEnergyArray.uasset" 394
"../../../Engine/Content/EngineMaterials/EnergyConservation/GGX_TransmissionEnergyArray.uexp" 395
"../../../Engine/Content/EngineMaterials/EnergyConservation/GGX_ReflectionEnergy.uasset" 396
"../../../Engine/Content/EngineMaterials/EnergyConservation/GGX_ReflectionEnergy.uexp" 397
"../../../Engine/Content/EngineMaterials/EnergyConservation/Diffuse_Energy.uasset" 398
"../../../Engine/Content/EngineMaterials/EnergyConservation/Diffuse_Energy.uexp" 399
"../../../Engine/Content/EditorResources/SequenceRecorder/RecordingIndicator.uasset" 400
"../../../Engine/Content/EditorResources/SequenceRecorder/RecordingIndicator.uexp" 401
"../../../Engine/Content/EditorResources/SequenceRecorder/Countdown.uasset" 402
"../../../Engine/Content/EditorResources/SequenceRecorder/Countdown.uexp" 403
"../../../Engine/Content/Functions/Engine_MaterialFunctions01/Shading/PowerToRoughness.uasset" 404
"../../../Engine/Content/Functions/Engine_MaterialFunctions01/Shading/PowerToRoughness.uexp" 405
"../../../Engine/Content/EngineMaterials/T_Default_Material_Grid_M.ubulk" 406
"../../../Engine/Content/EngineMaterials/T_Default_Material_Grid_M.uasset" 407
"../../../Engine/Content/EngineMaterials/T_Default_Material_Grid_M.uexp" 408
"../../../Engine/Content/Functions/Engine_MaterialFunctions01/Opacity/CameraDepthFade.uasset" 409
"../../../Engine/Content/Functions/Engine_MaterialFunctions01/Opacity/CameraDepthFade.uexp" 410
"../../../Engine/Content/EngineMaterials/T_Default_Material_Grid_N.ubulk" 411
"../../../Engine/Content/EngineMaterials/T_Default_Material_Grid_N.uasset" 412
"../../../Engine/Content/EngineMaterials/T_Default_Material_Grid_N.uexp" 413
"../../../Engine/Content/EngineMaterials/WorldGridMaterial.uasset" 414
"../../../Engine/Content/EngineMaterials/WorldGridMaterial.uexp" 415
"../../../Engine/Content/ArtTools/RenderToTexture/Meshes/S_1_Unit_Plane.ubulk" 416
"../../../Engine/Content/ArtTools/RenderToTexture/Meshes/S_1_Unit_Plane.uasset" 417
"../../../Engine/Content/ArtTools/RenderToTexture/Meshes/S_1_Unit_Plane.uexp" 418
"../../../Engine/Content/VREditor/TransformGizmo/TranslucentTransformGizmoMaterial.uasset" 419
"../../../Engine/Content/VREditor/TransformGizmo/TranslucentTransformGizmoMaterial.uexp" 420
"../../../Engine/Content/VREditor/LaserPointer/VR_LaserPower_01.ubulk" 421
"../../../Engine/Content/VREditor/LaserPointer/VR_LaserPower_01.uasset" 422
"../../../Engine/Content/VREditor/LaserPointer/VR_LaserPower_01.uexp" 423
"../../../Engine/Content/VREditor/TransformGizmo/TransformGizmoMaterial.uasset" 424
"../../../Engine/Content/VREditor/TransformGizmo/TransformGizmoMaterial.uexp" 425
"../../../Engine/Content/VREditor/TransformGizmo/BoundingBoxCorner.ubulk" 426
"../../../Engine/Content/VREditor/TransformGizmo/BoundingBoxCorner.uasset" 427
"../../../Engine/Content/VREditor/TransformGizmo/BoundingBoxCorner.uexp" 428
"../../../Engine/Content/VREditor/TransformGizmo/BoundingBoxEdge.ubulk" 429
"../../../Engine/Content/VREditor/TransformGizmo/BoundingBoxEdge.uasset" 430
"../../../Engine/Content/VREditor/TransformGizmo/BoundingBoxEdge.uexp" 431
"../../../Engine/Content/VREditor/TransformGizmo/Xray.uasset" 432
"../../../Engine/Content/VREditor/TransformGizmo/Xray.uexp" 433
"../../../Engine/Content/VREditor/TransformGizmo/Main.uasset" 434
"../../../Engine/Content/VREditor/TransformGizmo/Main.uexp" 435
"../../../Engine/Content/VREditor/TransformGizmo/SM_Sequencer_Node.ubulk" 436
"../../../Engine/Content/VREditor/TransformGizmo/SM_Sequencer_Node.uasset" 437
"../../../Engine/Content/VREditor/TransformGizmo/SM_Sequencer_Node.uexp" 438
"../../../Engine/Content/EditorMaterials/Camera/CineMat.uasset" 439
"../../../Engine/Content/EditorMaterials/Camera/CineMat.uexp" 440
"../../../Engine/Content/EditorMaterials/Camera/MI_CineMat_Rig.uasset" 441
"../../../Engine/Content/EditorMaterials/Camera/MI_CineMat_Rig.uexp" 442
"../../../Engine/Content/EditorMeshes/Camera/SM_CraneRig_Arm.ubulk" 443
"../../../Engine/Content/EditorMeshes/Camera/SM_CraneRig_Arm.uasset" 444
"../../../Engine/Content/EditorMeshes/Camera/SM_CraneRig_Arm.uexp" 445
"../../../Engine/Content/EditorMeshes/Camera/SM_CraneRig_Base.ubulk" 446
"../../../Engine/Content/EditorMeshes/Camera/SM_CraneRig_Base.uasset" 447
"../../../Engine/Content/EditorMeshes/Camera/SM_CraneRig_Base.uexp" 448
"../../../Engine/Content/EditorMeshes/Camera/SM_CraneRig_Body.ubulk" 449
"../../../Engine/Content/EditorMeshes/Camera/SM_CraneRig_Body.uasset" 450
"../../../Engine/Content/EditorMeshes/Camera/SM_CraneRig_Body.uexp" 451
"../../../Engine/Content/EditorMeshes/Camera/SM_CraneRig_Mount.ubulk" 452
"../../../Engine/Content/EditorMeshes/Camera/SM_CraneRig_Mount.uasset" 453
"../../../Engine/Content/EditorMeshes/Camera/SM_CraneRig_Mount.uexp" 454
"../../../Engine/Content/EditorMeshes/Camera/SM_RailRig_Mount.ubulk" 455
"../../../Engine/Content/EditorMeshes/Camera/SM_RailRig_Mount.uasset" 456
"../../../Engine/Content/EditorMeshes/Camera/SM_RailRig_Mount.uexp" 457
"../../../Engine/Content/EditorMeshes/Camera/SM_RailRig_Track.ubulk" 458
"../../../Engine/Content/EditorMeshes/Camera/SM_RailRig_Track.uasset" 459
"../../../Engine/Content/EditorMeshes/Camera/SM_RailRig_Track.uexp" 460
"../../../Engine/Content/EngineMeshes/Sphere.ubulk" 461
"../../../Engine/Content/EngineMeshes/Sphere.uasset" 462
"../../../Engine/Content/EngineMeshes/Sphere.uexp" 463
"../../../Engine/Plugins/Animation/ControlRig/Content/Controls/ControlRig_Arrow2_1mm.ubulk" 464
"../../../Engine/Plugins/Animation/ControlRig/Content/Controls/ControlRig_Arrow2_1mm.uasset" 465
"../../../Engine/Plugins/Animation/ControlRig/Content/Controls/ControlRig_Arrow2_1mm.uexp" 466
"../../../Engine/Plugins/Animation/ControlRig/Content/Controls/ControlRig_Arrow2_3mm.ubulk" 467
"../../../Engine/Plugins/Animation/ControlRig/Content/Controls/ControlRig_Arrow2_3mm.uasset" 468
"../../../Engine/Plugins/Animation/ControlRig/Content/Controls/ControlRig_Arrow2_3mm.uexp" 469
"../../../Engine/Plugins/Animation/ControlRig/Content/Controls/ControlRig_Arrow2_solid.ubulk" 470
"../../../Engine/Plugins/Animation/ControlRig/Content/Controls/ControlRig_Arrow2_solid.uasset" 471
"../../../Engine/Plugins/Animation/ControlRig/Content/Controls/ControlRig_Arrow2_solid.uexp" 472
"../../../Engine/Plugins/Animation/ControlRig/Content/Controls/ControlRig_Arrow4_1mm.ubulk" 473
"../../../Engine/Plugins/Animation/ControlRig/Content/Controls/ControlRig_Arrow4_1mm.uasset" 474
"../../../Engine/Plugins/Animation/ControlRig/Content/Controls/ControlRig_Arrow4_1mm.uexp" 475
"../../../Engine/Plugins/Animation/ControlRig/Content/Controls/ControlRig_Arrow4_3mm.ubulk" 476
"../../../Engine/Plugins/Animation/ControlRig/Content/Controls/ControlRig_Arrow4_3mm.uasset" 477
"../../../Engine/Plugins/Animation/ControlRig/Content/Controls/ControlRig_Arrow4_3mm.uexp" 478
"../../../Engine/Plugins/Animation/ControlRig/Content/Controls/ControlRig_Arrow4_solid.ubulk" 479
"../../../Engine/Plugins/Animation/ControlRig/Content/Controls/ControlRig_Arrow4_solid.uasset" 480
"../../../Engine/Plugins/Animation/ControlRig/Content/Controls/ControlRig_Arrow4_solid.uexp" 481
"../../../Engine/Plugins/Animation/ControlRig/Content/Controls/ControlRig_Arrow_1mm.ubulk" 482
"../../../Engine/Plugins/Animation/ControlRig/Content/Controls/ControlRig_Arrow_1mm.uasset" 483
"../../../Engine/Plugins/Animation/ControlRig/Content/Controls/ControlRig_Arrow_1mm.uexp" 484
"../../../Engine/Plugins/Animation/ControlRig/Content/Controls/ControlRig_Arrow_3mm.ubulk" 485
"../../../Engine/Plugins/Animation/ControlRig/Content/Controls/ControlRig_Arrow_3mm.uasset" 486
"../../../Engine/Plugins/Animation/ControlRig/Content/Controls/ControlRig_Arrow_3mm.uexp" 487
"../../../Engine/Plugins/Animation/ControlRig/Content/Controls/ControlRig_Arrow_solid.ubulk" 488
"../../../Engine/Plugins/Animation/ControlRig/Content/Controls/ControlRig_Arrow_solid.uasset" 489
"../../../Engine/Plugins/Animation/ControlRig/Content/Controls/ControlRig_Arrow_solid.uexp" 490
"../../../Engine/Plugins/Animation/ControlRig/Content/Controls/ControlRig_Box_1mm.ubulk" 491
"../../../Engine/Plugins/Animation/ControlRig/Content/Controls/ControlRig_Box_1mm.uasset" 492
"../../../Engine/Plugins/Animation/ControlRig/Content/Controls/ControlRig_Box_1mm.uexp" 493
"../../../Engine/Plugins/Animation/ControlRig/Content/Controls/ControlRig_Box_3mm.ubulk" 494
"../../../Engine/Plugins/Animation/ControlRig/Content/Controls/ControlRig_Box_3mm.uasset" 495
"../../../Engine/Plugins/Animation/ControlRig/Content/Controls/ControlRig_Box_3mm.uexp" 496
"../../../Engine/Plugins/Animation/ControlRig/Content/Controls/ControlRig_Box_solid.ubulk" 497
"../../../Engine/Plugins/Animation/ControlRig/Content/Controls/ControlRig_Box_solid.uasset" 498
"../../../Engine/Plugins/Animation/ControlRig/Content/Controls/ControlRig_Box_solid.uexp" 499
"../../../Engine/Plugins/Animation/ControlRig/Content/Controls/ControlRig_Circle_1mm.ubulk" 500
"../../../Engine/Plugins/Animation/ControlRig/Content/Controls/ControlRig_Circle_1mm.uasset" 501
"../../../Engine/Plugins/Animation/ControlRig/Content/Controls/ControlRig_Circle_1mm.uexp" 502
"../../../Engine/Plugins/Animation/ControlRig/Content/Controls/ControlRig_Circle_3mm.ubulk" 503
"../../../Engine/Plugins/Animation/ControlRig/Content/Controls/ControlRig_Circle_3mm.uasset" 504
"../../../Engine/Plugins/Animation/ControlRig/Content/Controls/ControlRig_Circle_3mm.uexp" 505
"../../../Engine/Plugins/Animation/ControlRig/Content/Controls/ControlRig_Circle_solid.ubulk" 506
"../../../Engine/Plugins/Animation/ControlRig/Content/Controls/ControlRig_Circle_solid.uasset" 507
"../../../Engine/Plugins/Animation/ControlRig/Content/Controls/ControlRig_Circle_solid.uexp" 508
"../../../Engine/Plugins/Animation/ControlRig/Content/Controls/ControlRig_Diamond_1mm.ubulk" 509
"../../../Engine/Plugins/Animation/ControlRig/Content/Controls/ControlRig_Diamond_1mm.uasset" 510
"../../../Engine/Plugins/Animation/ControlRig/Content/Controls/ControlRig_Diamond_1mm.uexp" 511
"../../../Engine/Plugins/Animation/ControlRig/Content/Controls/ControlRig_Diamond_3mm.ubulk" 512
"../../../Engine/Plugins/Animation/ControlRig/Content/Controls/ControlRig_Diamond_3mm.uasset" 513
"../../../Engine/Plugins/Animation/ControlRig/Content/Controls/ControlRig_Diamond_3mm.uexp" 514
"../../../Engine/Plugins/Animation/ControlRig/Content/Controls/ControlRig_Diamond_solid.ubulk" 515
"../../../Engine/Plugins/Animation/ControlRig/Content/Controls/ControlRig_Diamond_solid.uasset" 516
"../../../Engine/Plugins/Animation/ControlRig/Content/Controls/ControlRig_Diamond_solid.uexp" 517
"../../../Engine/Plugins/Animation/ControlRig/Content/Controls/ControlRig_HalfCircle_1mm.ubulk" 518
"../../../Engine/Plugins/Animation/ControlRig/Content/Controls/ControlRig_HalfCircle_1mm.uasset" 519
"../../../Engine/Plugins/Animation/ControlRig/Content/Controls/ControlRig_HalfCircle_1mm.uexp" 520
"../../../Engine/Plugins/Animation/ControlRig/Content/Controls/ControlRig_HalfCircle_3mm.ubulk" 521
"../../../Engine/Plugins/Animation/ControlRig/Content/Controls/ControlRig_HalfCircle_3mm.uasset" 522
"../../../Engine/Plugins/Animation/ControlRig/Content/Controls/ControlRig_HalfCircle_3mm.uexp" 523
"../../../Engine/Plugins/Animation/ControlRig/Content/Controls/ControlRig_HalfCircle_solid.ubulk" 524
"../../../Engine/Plugins/Animation/ControlRig/Content/Controls/ControlRig_HalfCircle_solid.uasset" 525
"../../../Engine/Plugins/Animation/ControlRig/Content/Controls/ControlRig_HalfCircle_solid.uexp" 526
"../../../Engine/Plugins/Animation/ControlRig/Content/Controls/ControlRig_Hexagon_1mm.ubulk" 527
"../../../Engine/Plugins/Animation/ControlRig/Content/Controls/ControlRig_Hexagon_1mm.uasset" 528
"../../../Engine/Plugins/Animation/ControlRig/Content/Controls/ControlRig_Hexagon_1mm.uexp" 529
"../../../Engine/Plugins/Animation/ControlRig/Content/Controls/ControlRig_Hexagon_3mm.ubulk" 530
"../../../Engine/Plugins/Animation/ControlRig/Content/Controls/ControlRig_Hexagon_3mm.uasset" 531
"../../../Engine/Plugins/Animation/ControlRig/Content/Controls/ControlRig_Hexagon_3mm.uexp" 532
"../../../Engine/Plugins/Animation/ControlRig/Content/Controls/ControlRig_Hexagon_solid.ubulk" 533
"../../../Engine/Plugins/Animation/ControlRig/Content/Controls/ControlRig_Hexagon_solid.uasset" 534
"../../../Engine/Plugins/Animation/ControlRig/Content/Controls/ControlRig_Hexagon_solid.uexp" 535
"../../../Engine/Plugins/Animation/ControlRig/Content/Controls/ControlRig_Octagon_1mm.ubulk" 536
"../../../Engine/Plugins/Animation/ControlRig/Content/Controls/ControlRig_Octagon_1mm.uasset" 537
"../../../Engine/Plugins/Animation/ControlRig/Content/Controls/ControlRig_Octagon_1mm.uexp" 538
"../../../Engine/Plugins/Animation/ControlRig/Content/Controls/ControlRig_Octagon_3mm.ubulk" 539
"../../../Engine/Plugins/Animation/ControlRig/Content/Controls/ControlRig_Octagon_3mm.uasset" 540
"../../../Engine/Plugins/Animation/ControlRig/Content/Controls/ControlRig_Octagon_3mm.uexp" 541
"../../../Engine/Plugins/Animation/ControlRig/Content/Controls/ControlRig_Octagon_solid.ubulk" 542
"../../../Engine/Plugins/Animation/ControlRig/Content/Controls/ControlRig_Octagon_solid.uasset" 543
"../../../Engine/Plugins/Animation/ControlRig/Content/Controls/ControlRig_Octagon_solid.uexp" 544
"../../../Engine/Plugins/Animation/ControlRig/Content/Controls/ControlRig_Pyramid_1mm.ubulk" 545
"../../../Engine/Plugins/Animation/ControlRig/Content/Controls/ControlRig_Pyramid_1mm.uasset" 546
"../../../Engine/Plugins/Animation/ControlRig/Content/Controls/ControlRig_Pyramid_1mm.uexp" 547
"../../../Engine/Plugins/Animation/ControlRig/Content/Controls/ControlRig_Pyramid_3mm.ubulk" 548
"../../../Engine/Plugins/Animation/ControlRig/Content/Controls/ControlRig_Pyramid_3mm.uasset" 549
"../../../Engine/Plugins/Animation/ControlRig/Content/Controls/ControlRig_Pyramid_3mm.uexp" 550
"../../../Engine/Plugins/Animation/ControlRig/Content/Controls/ControlRig_Pyramid_solid.ubulk" 551
"../../../Engine/Plugins/Animation/ControlRig/Content/Controls/ControlRig_Pyramid_solid.uasset" 552
"../../../Engine/Plugins/Animation/ControlRig/Content/Controls/ControlRig_Pyramid_solid.uexp" 553
"../../../Engine/Plugins/Animation/ControlRig/Content/Controls/ControlRig_QuarterCircle_1mm.ubulk" 554
"../../../Engine/Plugins/Animation/ControlRig/Content/Controls/ControlRig_QuarterCircle_1mm.uasset" 555
"../../../Engine/Plugins/Animation/ControlRig/Content/Controls/ControlRig_QuarterCircle_1mm.uexp" 556
"../../../Engine/Plugins/Animation/ControlRig/Content/Controls/ControlRig_QuarterCircle_3mm.ubulk" 557
"../../../Engine/Plugins/Animation/ControlRig/Content/Controls/ControlRig_QuarterCircle_3mm.uasset" 558
"../../../Engine/Plugins/Animation/ControlRig/Content/Controls/ControlRig_QuarterCircle_3mm.uexp" 559
"../../../Engine/Plugins/Animation/ControlRig/Content/Controls/ControlRig_QuarterCircle_solid.ubulk" 560
"../../../Engine/Plugins/Animation/ControlRig/Content/Controls/ControlRig_QuarterCircle_solid.uasset" 561
"../../../Engine/Plugins/Animation/ControlRig/Content/Controls/ControlRig_QuarterCircle_solid.uexp" 562
"../../../Engine/Plugins/Animation/ControlRig/Content/Controls/ControlRig_RoundedSquare_1mm.ubulk" 563
"../../../Engine/Plugins/Animation/ControlRig/Content/Controls/ControlRig_RoundedSquare_1mm.uasset" 564
"../../../Engine/Plugins/Animation/ControlRig/Content/Controls/ControlRig_RoundedSquare_1mm.uexp" 565
"../../../Engine/Plugins/Animation/ControlRig/Content/Controls/ControlRig_RoundedSquare_3mm.ubulk" 566
"../../../Engine/Plugins/Animation/ControlRig/Content/Controls/ControlRig_RoundedSquare_3mm.uasset" 567
"../../../Engine/Plugins/Animation/ControlRig/Content/Controls/ControlRig_RoundedSquare_3mm.uexp" 568
"../../../Engine/Plugins/Animation/ControlRig/Content/Controls/ControlRig_RoundedSquare_solid.ubulk" 569
"../../../Engine/Plugins/Animation/ControlRig/Content/Controls/ControlRig_RoundedSquare_solid.uasset" 570
"../../../Engine/Plugins/Animation/ControlRig/Content/Controls/ControlRig_RoundedSquare_solid.uexp" 571
"../../../Engine/Plugins/Animation/ControlRig/Content/Controls/ControlRig_RoundedTriangle_1mm.ubulk" 572
"../../../Engine/Plugins/Animation/ControlRig/Content/Controls/ControlRig_RoundedTriangle_1mm.uasset" 573
"../../../Engine/Plugins/Animation/ControlRig/Content/Controls/ControlRig_RoundedTriangle_1mm.uexp" 574
"../../../Engine/Plugins/Animation/ControlRig/Content/Controls/ControlRig_RoundedTriangle_3mm.ubulk" 575
"../../../Engine/Plugins/Animation/ControlRig/Content/Controls/ControlRig_RoundedTriangle_3mm.uasset" 576
"../../../Engine/Plugins/Animation/ControlRig/Content/Controls/ControlRig_RoundedTriangle_3mm.uexp" 577
"../../../Engine/Plugins/Animation/ControlRig/Content/Controls/ControlRig_RoundedTriangle_solid.ubulk" 578
"../../../Engine/Plugins/Animation/ControlRig/Content/Controls/ControlRig_RoundedTriangle_solid.uasset" 579
"../../../Engine/Plugins/Animation/ControlRig/Content/Controls/ControlRig_RoundedTriangle_solid.uexp" 580
"../../../Engine/Plugins/Animation/ControlRig/Content/Controls/ControlRig_Sphere_1mm.ubulk" 581
"../../../Engine/Plugins/Animation/ControlRig/Content/Controls/ControlRig_Sphere_1mm.uasset" 582
"../../../Engine/Plugins/Animation/ControlRig/Content/Controls/ControlRig_Sphere_1mm.uexp" 583
"../../../Engine/Plugins/Animation/ControlRig/Content/Controls/ControlRig_Sphere_3mm.ubulk" 584
"../../../Engine/Plugins/Animation/ControlRig/Content/Controls/ControlRig_Sphere_3mm.uasset" 585
"../../../Engine/Plugins/Animation/ControlRig/Content/Controls/ControlRig_Sphere_3mm.uexp" 586
"../../../Engine/Plugins/Animation/ControlRig/Content/Controls/ControlRig_Sphere_solid.ubulk" 587
"../../../Engine/Plugins/Animation/ControlRig/Content/Controls/ControlRig_Sphere_solid.uasset" 588
"../../../Engine/Plugins/Animation/ControlRig/Content/Controls/ControlRig_Sphere_solid.uexp" 589
"../../../Engine/Plugins/Animation/ControlRig/Content/Controls/ControlRig_Square_1mm.ubulk" 590
"../../../Engine/Plugins/Animation/ControlRig/Content/Controls/ControlRig_Square_1mm.uasset" 591
"../../../Engine/Plugins/Animation/ControlRig/Content/Controls/ControlRig_Square_1mm.uexp" 592
"../../../Engine/Plugins/Animation/ControlRig/Content/Controls/ControlRig_Square_3mm.ubulk" 593
"../../../Engine/Plugins/Animation/ControlRig/Content/Controls/ControlRig_Square_3mm.uasset" 594
"../../../Engine/Plugins/Animation/ControlRig/Content/Controls/ControlRig_Square_3mm.uexp" 595
"../../../Engine/Plugins/Animation/ControlRig/Content/Controls/ControlRig_Square_solid.ubulk" 596
"../../../Engine/Plugins/Animation/ControlRig/Content/Controls/ControlRig_Square_solid.uasset" 597
"../../../Engine/Plugins/Animation/ControlRig/Content/Controls/ControlRig_Square_solid.uexp" 598
"../../../Engine/Plugins/Animation/ControlRig/Content/Controls/ControlRig_Star4_1mm.ubulk" 599
"../../../Engine/Plugins/Animation/ControlRig/Content/Controls/ControlRig_Star4_1mm.uasset" 600
"../../../Engine/Plugins/Animation/ControlRig/Content/Controls/ControlRig_Star4_1mm.uexp" 601
"../../../Engine/Plugins/Animation/ControlRig/Content/Controls/ControlRig_Star4_3mm.ubulk" 602
"../../../Engine/Plugins/Animation/ControlRig/Content/Controls/ControlRig_Star4_3mm.uasset" 603
"../../../Engine/Plugins/Animation/ControlRig/Content/Controls/ControlRig_Star4_3mm.uexp" 604
"../../../Engine/Plugins/Animation/ControlRig/Content/Controls/ControlRig_Star4_solid.ubulk" 605
"../../../Engine/Plugins/Animation/ControlRig/Content/Controls/ControlRig_Star4_solid.uasset" 606
"../../../Engine/Plugins/Animation/ControlRig/Content/Controls/ControlRig_Star4_solid.uexp" 607
"../../../Engine/Plugins/Animation/ControlRig/Content/Controls/ControlRig_Triangle_1mm.ubulk" 608
"../../../Engine/Plugins/Animation/ControlRig/Content/Controls/ControlRig_Triangle_1mm.uasset" 609
"../../../Engine/Plugins/Animation/ControlRig/Content/Controls/ControlRig_Triangle_1mm.uexp" 610
"../../../Engine/Plugins/Animation/ControlRig/Content/Controls/ControlRig_Triangle_3mm.ubulk" 611
"../../../Engine/Plugins/Animation/ControlRig/Content/Controls/ControlRig_Triangle_3mm.uasset" 612
"../../../Engine/Plugins/Animation/ControlRig/Content/Controls/ControlRig_Triangle_3mm.uexp" 613
"../../../Engine/Plugins/Animation/ControlRig/Content/Controls/ControlRig_Triangle_solid.ubulk" 614
"../../../Engine/Plugins/Animation/ControlRig/Content/Controls/ControlRig_Triangle_solid.uasset" 615
"../../../Engine/Plugins/Animation/ControlRig/Content/Controls/ControlRig_Triangle_solid.uexp" 616
"../../../Engine/Plugins/Animation/ControlRig/Content/Controls/ControlRig_Wedge_1mm.ubulk" 617
"../../../Engine/Plugins/Animation/ControlRig/Content/Controls/ControlRig_Wedge_1mm.uasset" 618
"../../../Engine/Plugins/Animation/ControlRig/Content/Controls/ControlRig_Wedge_1mm.uexp" 619
"../../../Engine/Plugins/Animation/ControlRig/Content/Controls/ControlRig_Wedge_3mm.ubulk" 620
"../../../Engine/Plugins/Animation/ControlRig/Content/Controls/ControlRig_Wedge_3mm.uasset" 621
"../../../Engine/Plugins/Animation/ControlRig/Content/Controls/ControlRig_Wedge_3mm.uexp" 622
"../../../Engine/Plugins/Animation/ControlRig/Content/Controls/ControlRig_Wedge_solid.ubulk" 623
"../../../Engine/Plugins/Animation/ControlRig/Content/Controls/ControlRig_Wedge_solid.uasset" 624
"../../../Engine/Plugins/Animation/ControlRig/Content/Controls/ControlRig_Wedge_solid.uexp" 625
"../../../Engine/Content/EditorLandscapeResources/SplineEditorMeshMat.uasset" 626
"../../../Engine/Content/EditorLandscapeResources/SplineEditorMeshMat.uexp" 627
"../../../Engine/Content/EditorLandscapeResources/SplineEditorMesh.ubulk" 628
"../../../Engine/Content/EditorLandscapeResources/SplineEditorMesh.uasset" 629
"../../../Engine/Content/EditorLandscapeResources/SplineEditorMesh.uexp" 630
"../../../Engine/Content/EngineMaterials/DefaultMaterial.uasset" 631
"../../../Engine/Content/EngineMaterials/DefaultMaterial.uexp" 632
"../../../Engine/Content/BasicShapes/Cone.ubulk" 633
"../../../Engine/Content/BasicShapes/Cone.uasset" 634
"../../../Engine/Content/BasicShapes/Cone.uexp" 635
"../../../Engine/Content/BasicShapes/Cylinder.ubulk" 636
"../../../Engine/Content/BasicShapes/Cylinder.uasset" 637
"../../../Engine/Content/BasicShapes/Cylinder.uexp" 638
"../../../Engine/Content/BasicShapes/Plane.ubulk" 639
"../../../Engine/Content/BasicShapes/Plane.uasset" 640
"../../../Engine/Content/BasicShapes/Plane.uexp" 641
"../../../Engine/Plugins/Media/MediaPlate/Content/SM_MediaPlateScreen.ubulk" 642
"../../../Engine/Plugins/Media/MediaPlate/Content/SM_MediaPlateScreen.uasset" 643
"../../../Engine/Plugins/Media/MediaPlate/Content/SM_MediaPlateScreen.uexp" 644
"../../../Engine/Content/EngineMaterials/Substrate/Glints2/AGlintTex2dArray2.uasset" 645
"../../../Engine/Content/EngineMaterials/Substrate/Glints2/AGlintTex2dArray2.uexp" 646
"../../../Engine/Content/EngineMaterials/Substrate/GLints/AGlintTex2dArray.uasset" 647
"../../../Engine/Content/EngineMaterials/Substrate/GLints/AGlintTex2dArray.uexp" 648
"../../../Engine/Content/EngineMaterials/WeightMapPlaceholderTexture.uasset" 649
"../../../Engine/Content/EngineMaterials/WeightMapPlaceholderTexture.uexp" 650
"../../../Engine/Content/EngineMaterials/WeightMapArrayPlaceholderTexture.uasset" 651
"../../../Engine/Content/EngineMaterials/WeightMapArrayPlaceholderTexture.uexp" 652
"../../../Engine/Content/EngineResources/DefaultTextureCube.uasset" 653
"../../../Engine/Content/EngineResources/DefaultTextureCube.uexp" 654
"../../../Engine/Content/EngineMaterials/Substrate/Volume/SubstrateSimpleVolumeEnvLUT3D.uasset" 655
"../../../Engine/Content/EngineMaterials/Substrate/Volume/SubstrateSimpleVolumeEnvLUT3D.uexp" 656
"../../../Engine/Content/EngineMaterials/Substrate/Volume/SubstrateSimpleVolumeLUT3D.uasset" 657
"../../../Engine/Content/EngineMaterials/Substrate/Volume/SubstrateSimpleVolumeLUT3D.uexp" 658
"../../../Engine/Plugins/Interchange/Assets/Content/Utilities/New_LUT.uasset" 659
"../../../Engine/Plugins/Interchange/Assets/Content/Utilities/New_LUT.uexp" 660
"../../../Engine/Content/Functions/Engine_MaterialFunctions03/Math/RemapValueRange.uasset" 661
"../../../Engine/Content/Functions/Engine_MaterialFunctions03/Math/RemapValueRange.uexp" 662
"../../../Engine/Plugins/Interchange/Assets/Content/Functions/MF_Iridescence.uasset" 663
"../../../Engine/Plugins/Interchange/Assets/Content/Functions/MF_Iridescence.uexp" 664
"../../../Engine/Plugins/Interchange/Assets/Content/gltf/Textures/T_White_srgb.uasset" 665
"../../../Engine/Plugins/Interchange/Assets/Content/gltf/Textures/T_White_srgb.uexp" 666
"../../../Engine/Plugins/Interchange/Assets/Content/gltf/MaterialFunctions/MF_BaseColor.uasset" 667
"../../../Engine/Plugins/Interchange/Assets/Content/gltf/MaterialFunctions/MF_BaseColor.uexp" 668
"../../../Engine/Plugins/Interchange/Assets/Content/gltf/MaterialFunctions/MF_RotateV2.uasset" 669
"../../../Engine/Plugins/Interchange/Assets/Content/gltf/MaterialFunctions/MF_RotateV2.uexp" 670
"../../../Engine/Plugins/Interchange/Assets/Content/gltf/MaterialFunctions/MF_TransformUVs.uasset" 671
"../../../Engine/Plugins/Interchange/Assets/Content/gltf/MaterialFunctions/MF_TransformUVs.uexp" 672
"../../../Engine/Plugins/Interchange/Assets/Content/gltf/MaterialFunctions/MF_IOR.uasset" 673
"../../../Engine/Plugins/Interchange/Assets/Content/gltf/MaterialFunctions/MF_IOR.uexp" 674
"../../../Engine/Plugins/Interchange/Assets/Content/gltf/MaterialFunctions/MF_Iridescence.uasset" 675
"../../../Engine/Plugins/Interchange/Assets/Content/gltf/MaterialFunctions/MF_Iridescence.uexp" 676
"../../../Engine/Plugins/Interchange/Assets/Content/gltf/Textures/T_White_Linear.uasset" 677
"../../../Engine/Plugins/Interchange/Assets/Content/gltf/Textures/T_White_Linear.uexp" 678
"../../../Engine/Plugins/Interchange/Assets/Content/gltf/MaterialFunctions/MF_MetallicRoughness.uasset" 679
"../../../Engine/Plugins/Interchange/Assets/Content/gltf/MaterialFunctions/MF_MetallicRoughness.uexp" 680
"../../../Engine/Content/Functions/Engine_MaterialFunctions02/Math/Transform3x3Matrix.uasset" 681
"../../../Engine/Content/Functions/Engine_MaterialFunctions02/Math/Transform3x3Matrix.uexp" 682
"../../../Engine/Plugins/Interchange/Assets/Content/gltf/MaterialFunctions/MF_RotateNormals_TS.uasset" 683
"../../../Engine/Plugins/Interchange/Assets/Content/gltf/MaterialFunctions/MF_RotateNormals_TS.uexp" 684
"../../../Engine/Plugins/Interchange/Assets/Content/gltf/MaterialFunctions/MF_ScaleNormal.uasset" 685
"../../../Engine/Plugins/Interchange/Assets/Content/gltf/MaterialFunctions/MF_ScaleNormal.uexp" 686
"../../../Engine/Plugins/Interchange/Assets/Content/gltf/Textures/T_Generic_N.uasset" 687
"../../../Engine/Plugins/Interchange/Assets/Content/gltf/Textures/T_Generic_N.uexp" 688
"../../../Engine/Plugins/Interchange/Assets/Content/gltf/MaterialFunctions/MF_Normals.uasset" 689
"../../../Engine/Plugins/Interchange/Assets/Content/gltf/MaterialFunctions/MF_Normals.uexp" 690
"../../../Engine/Plugins/Interchange/Assets/Content/gltf/MaterialFunctions/MF_Occlusion.uasset" 691
"../../../Engine/Plugins/Interchange/Assets/Content/gltf/MaterialFunctions/MF_Occlusion.uexp" 692
"../../../Engine/Plugins/Interchange/Assets/Content/gltf/MaterialFunctions/MF_Specular.uasset" 693
"../../../Engine/Plugins/Interchange/Assets/Content/gltf/MaterialFunctions/MF_Specular.uexp" 694
"../../../Engine/Plugins/Interchange/Assets/Content/gltf/Textures/T_Anisotropy_Direction_Linear.uasset" 695
"../../../Engine/Plugins/Interchange/Assets/Content/gltf/Textures/T_Anisotropy_Direction_Linear.uexp" 696
"../../../Engine/Plugins/Interchange/Assets/Content/gltf/MaterialFunctions/MF_SpecularAnisotropy.uasset" 697
"../../../Engine/Plugins/Interchange/Assets/Content/gltf/MaterialFunctions/MF_SpecularAnisotropy.uexp" 698
"../../../Engine/Plugins/Interchange/Assets/Content/gltf/MaterialFunctions/MF_Emissive.uasset" 699
"../../../Engine/Plugins/Interchange/Assets/Content/gltf/MaterialFunctions/MF_Emissive.uexp" 700
"../../../Engine/Content/Functions/Engine_MaterialFunctions01/Texturing/FlattenNormal.uasset" 701
"../../../Engine/Content/Functions/Engine_MaterialFunctions01/Texturing/FlattenNormal.uexp" 702
"../../../Engine/Plugins/Interchange/Assets/Content/gltf/MaterialFunctions/MF_Clearcoat.uasset" 703
"../../../Engine/Plugins/Interchange/Assets/Content/gltf/MaterialFunctions/MF_Clearcoat.uexp" 704
"../../../Engine/Plugins/Interchange/Assets/Content/gltf/MaterialBodies/MF_ClearCoat_Body.uasset" 705
"../../../Engine/Plugins/Interchange/Assets/Content/gltf/MaterialBodies/MF_ClearCoat_Body.uexp" 706
"../../../Engine/Plugins/Interchange/Assets/Content/gltf/M_ClearCoat.uasset" 707
"../../../Engine/Plugins/Interchange/Assets/Content/gltf/M_ClearCoat.uexp" 708
"../../../Engine/Plugins/Interchange/Assets/Content/gltf/MaterialInstances/MI_ClearCoat_Blend.uasset" 709
"../../../Engine/Plugins/Interchange/Assets/Content/gltf/MaterialInstances/MI_ClearCoat_Blend.uexp" 710
"../../../Engine/Plugins/Interchange/Assets/Content/gltf/MaterialInstances/MI_ClearCoat_Blend_DS.uasset" 711
"../../../Engine/Plugins/Interchange/Assets/Content/gltf/MaterialInstances/MI_ClearCoat_Blend_DS.uexp" 712
"../../../Engine/Plugins/Interchange/Assets/Content/gltf/MaterialInstances/MI_ClearCoat_Mask.uasset" 713
"../../../Engine/Plugins/Interchange/Assets/Content/gltf/MaterialInstances/MI_ClearCoat_Mask.uexp" 714
"../../../Engine/Plugins/Interchange/Assets/Content/gltf/MaterialInstances/MI_ClearCoat_Mask_DS.uasset" 715
"../../../Engine/Plugins/Interchange/Assets/Content/gltf/MaterialInstances/MI_ClearCoat_Mask_DS.uexp" 716
"../../../Engine/Plugins/Interchange/Assets/Content/gltf/MaterialInstances/MI_ClearCoat_Opaque.uasset" 717
"../../../Engine/Plugins/Interchange/Assets/Content/gltf/MaterialInstances/MI_ClearCoat_Opaque.uexp" 718
"../../../Engine/Plugins/Interchange/Assets/Content/gltf/MaterialInstances/MI_ClearCoat_Opaque_DS.uasset" 719
"../../../Engine/Plugins/Interchange/Assets/Content/gltf/MaterialInstances/MI_ClearCoat_Opaque_DS.uexp" 720
"../../../Engine/Plugins/Interchange/Assets/Content/gltf/MaterialBodies/MF_Default_Body.uasset" 721
"../../../Engine/Plugins/Interchange/Assets/Content/gltf/MaterialBodies/MF_Default_Body.uexp" 722
"../../../Engine/Plugins/Interchange/Assets/Content/gltf/M_Default.uasset" 723
"../../../Engine/Plugins/Interchange/Assets/Content/gltf/M_Default.uexp" 724
"../../../Engine/Plugins/Interchange/Assets/Content/gltf/MaterialInstances/MI_Default_Blend.uasset" 725
"../../../Engine/Plugins/Interchange/Assets/Content/gltf/MaterialInstances/MI_Default_Blend.uexp" 726
"../../../Engine/Plugins/Interchange/Assets/Content/gltf/MaterialInstances/MI_Default_Blend_DS.uasset" 727
"../../../Engine/Plugins/Interchange/Assets/Content/gltf/MaterialInstances/MI_Default_Blend_DS.uexp" 728
"../../../Engine/Plugins/Interchange/Assets/Content/gltf/MaterialInstances/MI_Default_Mask.uasset" 729
"../../../Engine/Plugins/Interchange/Assets/Content/gltf/MaterialInstances/MI_Default_Mask.uexp" 730
"../../../Engine/Plugins/Interchange/Assets/Content/gltf/MaterialInstances/MI_Default_Mask_DS.uasset" 731
"../../../Engine/Plugins/Interchange/Assets/Content/gltf/MaterialInstances/MI_Default_Mask_DS.uexp" 732
"../../../Engine/Plugins/Interchange/Assets/Content/gltf/MaterialInstances/MI_Default_Opaque.uasset" 733
"../../../Engine/Plugins/Interchange/Assets/Content/gltf/MaterialInstances/MI_Default_Opaque.uexp" 734
"../../../Engine/Plugins/Interchange/Assets/Content/gltf/MaterialInstances/MI_Default_Opaque_DS.uasset" 735
"../../../Engine/Plugins/Interchange/Assets/Content/gltf/MaterialInstances/MI_Default_Opaque_DS.uexp" 736
"../../../Engine/Plugins/Interchange/Assets/Content/gltf/MaterialFunctions/MF_Sheen.uasset" 737
"../../../Engine/Plugins/Interchange/Assets/Content/gltf/MaterialFunctions/MF_Sheen.uexp" 738
"../../../Engine/Plugins/Interchange/Assets/Content/gltf/MaterialBodies/MF_Sheen_Body.uasset" 739
"../../../Engine/Plugins/Interchange/Assets/Content/gltf/MaterialBodies/MF_Sheen_Body.uexp" 740
"../../../Engine/Plugins/Interchange/Assets/Content/gltf/M_Sheen.uasset" 741
"../../../Engine/Plugins/Interchange/Assets/Content/gltf/M_Sheen.uexp" 742
"../../../Engine/Plugins/Interchange/Assets/Content/gltf/MaterialInstances/MI_Sheen_Blend.uasset" 743
"../../../Engine/Plugins/Interchange/Assets/Content/gltf/MaterialInstances/MI_Sheen_Blend.uexp" 744
"../../../Engine/Plugins/Interchange/Assets/Content/gltf/MaterialInstances/MI_Sheen_Blend_DS.uasset" 745
"../../../Engine/Plugins/Interchange/Assets/Content/gltf/MaterialInstances/MI_Sheen_Blend_DS.uexp" 746
"../../../Engine/Plugins/Interchange/Assets/Content/gltf/MaterialInstances/MI_Sheen_Mask.uasset" 747
"../../../Engine/Plugins/Interchange/Assets/Content/gltf/MaterialInstances/MI_Sheen_Mask.uexp" 748
"../../../Engine/Plugins/Interchange/Assets/Content/gltf/MaterialInstances/MI_Sheen_Mask_DS.uasset" 749
"../../../Engine/Plugins/Interchange/Assets/Content/gltf/MaterialInstances/MI_Sheen_Mask_DS.uexp" 750
"../../../Engine/Plugins/Interchange/Assets/Content/gltf/MaterialInstances/MI_Sheen_Opaque.uasset" 751
"../../../Engine/Plugins/Interchange/Assets/Content/gltf/MaterialInstances/MI_Sheen_Opaque.uexp" 752
"../../../Engine/Plugins/Interchange/Assets/Content/gltf/MaterialInstances/MI_Sheen_Opaque_DS.uasset" 753
"../../../Engine/Plugins/Interchange/Assets/Content/gltf/MaterialInstances/MI_Sheen_Opaque_DS.uexp" 754
"../../../Engine/Content/Functions/Engine_MaterialFunctions02/Math/AddComponents.uasset" 755
"../../../Engine/Content/Functions/Engine_MaterialFunctions02/Math/AddComponents.uexp" 756
"../../../Engine/Plugins/Interchange/Assets/Content/gltf/MaterialFunctions/MF_DiffuseSpecGloss.uasset" 757
"../../../Engine/Plugins/Interchange/Assets/Content/gltf/MaterialFunctions/MF_DiffuseSpecGloss.uexp" 758
"../../../Engine/Plugins/Interchange/Assets/Content/gltf/MaterialFunctions/MF_MaxComponentValue.uasset" 759
"../../../Engine/Plugins/Interchange/Assets/Content/gltf/MaterialFunctions/MF_MaxComponentValue.uexp" 760
"../../../Engine/Plugins/Interchange/Assets/Content/gltf/MaterialFunctions/MF_PerceivedBrightness.uasset" 761
"../../../Engine/Plugins/Interchange/Assets/Content/gltf/MaterialFunctions/MF_PerceivedBrightness.uexp" 762
"../../../Engine/Plugins/Interchange/Assets/Content/gltf/MaterialFunctions/MF_SpecGlossToMetalRoughness.uasset" 763
"../../../Engine/Plugins/Interchange/Assets/Content/gltf/MaterialFunctions/MF_SpecGlossToMetalRoughness.uexp" 764
"../../../Engine/Plugins/Interchange/Assets/Content/gltf/MaterialBodies/MF_SpecularGlossiness_Body.uasset" 765
"../../../Engine/Plugins/Interchange/Assets/Content/gltf/MaterialBodies/MF_SpecularGlossiness_Body.uexp" 766
"../../../Engine/Plugins/Interchange/Assets/Content/gltf/M_SpecularGlossiness.uasset" 767
"../../../Engine/Plugins/Interchange/Assets/Content/gltf/M_SpecularGlossiness.uexp" 768
"../../../Engine/Plugins/Interchange/Assets/Content/gltf/MaterialInstances/MI_SpecularGlossiness_Blend.uasset" 769
"../../../Engine/Plugins/Interchange/Assets/Content/gltf/MaterialInstances/MI_SpecularGlossiness_Blend.uexp" 770
"../../../Engine/Plugins/Interchange/Assets/Content/gltf/MaterialInstances/MI_SpecularGlossiness_Blend_DS.uasset" 771
"../../../Engine/Plugins/Interchange/Assets/Content/gltf/MaterialInstances/MI_SpecularGlossiness_Blend_DS.uexp" 772
"../../../Engine/Plugins/Interchange/Assets/Content/gltf/MaterialInstances/MI_SpecularGlossiness_Mask.uasset" 773
"../../../Engine/Plugins/Interchange/Assets/Content/gltf/MaterialInstances/MI_SpecularGlossiness_Mask.uexp" 774
"../../../Engine/Plugins/Interchange/Assets/Content/gltf/MaterialInstances/MI_SpecularGlossiness_Mask_DS.uasset" 775
"../../../Engine/Plugins/Interchange/Assets/Content/gltf/MaterialInstances/MI_SpecularGlossiness_Mask_DS.uexp" 776
"../../../Engine/Plugins/Interchange/Assets/Content/gltf/MaterialInstances/MI_SpecularGlossiness_Opaque.uasset" 777
"../../../Engine/Plugins/Interchange/Assets/Content/gltf/MaterialInstances/MI_SpecularGlossiness_Opaque.uexp" 778
"../../../Engine/Plugins/Interchange/Assets/Content/gltf/MaterialInstances/MI_SpecularGlossiness_Opaque_DS.uasset" 779
"../../../Engine/Plugins/Interchange/Assets/Content/gltf/MaterialInstances/MI_SpecularGlossiness_Opaque_DS.uexp" 780
"../../../Engine/Content/EngineMaterials/Good64x64TilingNoiseHighFreq.uasset" 781
"../../../Engine/Content/EngineMaterials/Good64x64TilingNoiseHighFreq.uexp" 782
"../../../Engine/Content/Functions/Engine_MaterialFunctions02/Texturing/ScreenAlignedPixelToPixelUVs.uasset" 783
"../../../Engine/Content/Functions/Engine_MaterialFunctions02/Texturing/ScreenAlignedPixelToPixelUVs.uexp" 784
"../../../Engine/Plugins/Interchange/Assets/Content/gltf/MaterialFunctions/MF_Fresnel_DS.uasset" 785
"../../../Engine/Plugins/Interchange/Assets/Content/gltf/MaterialFunctions/MF_Fresnel_DS.uexp" 786
"../../../Engine/Plugins/Interchange/Assets/Content/gltf/MaterialFunctions/MF_Temporal_Blur.uasset" 787
"../../../Engine/Plugins/Interchange/Assets/Content/gltf/MaterialFunctions/MF_Temporal_Blur.uexp" 788
"../../../Engine/Plugins/Interchange/Assets/Content/gltf/MaterialFunctions/MF_Transmission.uasset" 789
"../../../Engine/Plugins/Interchange/Assets/Content/gltf/MaterialFunctions/MF_Transmission.uexp" 790
"../../../Engine/Plugins/Interchange/Assets/Content/gltf/MaterialBodies/MF_Transmission_Body.uasset" 791
"../../../Engine/Plugins/Interchange/Assets/Content/gltf/MaterialBodies/MF_Transmission_Body.uexp" 792
"../../../Engine/Plugins/Interchange/Assets/Content/gltf/M_Transmission.uasset" 793
"../../../Engine/Plugins/Interchange/Assets/Content/gltf/M_Transmission.uexp" 794
"../../../Engine/Plugins/Interchange/Assets/Content/gltf/MaterialInstances/MI_Transmission.uasset" 795
"../../../Engine/Plugins/Interchange/Assets/Content/gltf/MaterialInstances/MI_Transmission.uexp" 796
"../../../Engine/Plugins/Interchange/Assets/Content/gltf/MaterialInstances/MI_Transmission_DS.uasset" 797
"../../../Engine/Plugins/Interchange/Assets/Content/gltf/MaterialInstances/MI_Transmission_DS.uexp" 798
"../../../Engine/Plugins/Interchange/Assets/Content/gltf/MaterialBodies/MF_Unlit_Body.uasset" 799
"../../../Engine/Plugins/Interchange/Assets/Content/gltf/MaterialBodies/MF_Unlit_Body.uexp" 800
"../../../Engine/Plugins/Interchange/Assets/Content/gltf/M_Unlit.uasset" 801
"../../../Engine/Plugins/Interchange/Assets/Content/gltf/M_Unlit.uexp" 802
"../../../Engine/Plugins/Interchange/Assets/Content/gltf/MaterialInstances/MI_Unlit_Blend.uasset" 803
"../../../Engine/Plugins/Interchange/Assets/Content/gltf/MaterialInstances/MI_Unlit_Blend.uexp" 804
"../../../Engine/Plugins/Interchange/Assets/Content/gltf/MaterialInstances/MI_Unlit_Blend_DS.uasset" 805
"../../../Engine/Plugins/Interchange/Assets/Content/gltf/MaterialInstances/MI_Unlit_Blend_DS.uexp" 806
"../../../Engine/Plugins/Interchange/Assets/Content/gltf/MaterialInstances/MI_Unlit_Mask.uasset" 807
"../../../Engine/Plugins/Interchange/Assets/Content/gltf/MaterialInstances/MI_Unlit_Mask.uexp" 808
"../../../Engine/Plugins/Interchange/Assets/Content/gltf/MaterialInstances/MI_Unlit_Mask_DS.uasset" 809
"../../../Engine/Plugins/Interchange/Assets/Content/gltf/MaterialInstances/MI_Unlit_Mask_DS.uexp" 810
"../../../Engine/Plugins/Interchange/Assets/Content/gltf/MaterialInstances/MI_Unlit_Opaque.uasset" 811
"../../../Engine/Plugins/Interchange/Assets/Content/gltf/MaterialInstances/MI_Unlit_Opaque.uexp" 812
"../../../Engine/Plugins/Interchange/Assets/Content/gltf/MaterialInstances/MI_Unlit_Opaque_DS.uasset" 813
"../../../Engine/Plugins/Interchange/Assets/Content/gltf/MaterialInstances/MI_Unlit_Opaque_DS.uexp" 814
"../../../Engine/Content/EngineResources/WhiteSquareTexture.uasset" 815
"../../../Engine/Content/EngineResources/WhiteSquareTexture.uexp" 816
"../../../Engine/Content/EngineMaterials/Widget3DPassThrough.uasset" 817
"../../../Engine/Content/EngineMaterials/Widget3DPassThrough.uexp" 818
"../../../Engine/Content/EngineMaterials/Widget3DPassThrough_Masked.uasset" 819
"../../../Engine/Content/EngineMaterials/Widget3DPassThrough_Masked.uexp" 820
"../../../Engine/Content/EngineMaterials/Widget3DPassThrough_Opaque.uasset" 821
"../../../Engine/Content/EngineMaterials/Widget3DPassThrough_Opaque.uexp" 822
"../../../Engine/Content/EngineMaterials/Widget3DPassThrough_Masked_OneSided.uasset" 823
"../../../Engine/Content/EngineMaterials/Widget3DPassThrough_Masked_OneSided.uexp" 824
"../../../Engine/Content/EngineMaterials/Widget3DPassThrough_Opaque_OneSided.uasset" 825
"../../../Engine/Content/EngineMaterials/Widget3DPassThrough_Opaque_OneSided.uexp" 826
"../../../Engine/Content/EngineMaterials/Widget3DPassThrough_Translucent.uasset" 827
"../../../Engine/Content/EngineMaterials/Widget3DPassThrough_Translucent.uexp" 828
"../../../Engine/Content/EngineMaterials/Widget3DPassThrough_Translucent_OneSided.uasset" 829
"../../../Engine/Content/EngineMaterials/Widget3DPassThrough_Translucent_OneSided.uexp" 830
"../../../Engine/Content/EngineResources/LandscapeVisibilityLayerInfo.uasset" 831
"../../../Engine/Content/EngineResources/LandscapeVisibilityLayerInfo.uexp" 832
"../../../Engine/Content/VREditor/TransformGizmo/TranslucentTransformGizmoMaterial_Inst.uasset" 833
"../../../Engine/Content/VREditor/TransformGizmo/TranslucentTransformGizmoMaterial_Inst.uexp" 834
"../../../Engine/Content/VREditor/TransformGizmo/TransformGizmoMaterial_Inst.uasset" 835
"../../../Engine/Content/VREditor/TransformGizmo/TransformGizmoMaterial_Inst.uexp" 836
"../../../Engine/Content/VREditor/Sounds/UI/Drop_Item_From_ContentBrowser.ubulk" 837
"../../../Engine/Content/VREditor/Sounds/UI/Drop_Item_From_ContentBrowser.uasset" 838
"../../../Engine/Content/VREditor/Sounds/UI/Drop_Item_From_ContentBrowser.uexp" 839
"../../../Engine/Content/VREditor/TransformGizmo/UniformScaleHandle.ubulk" 840
"../../../Engine/Content/VREditor/TransformGizmo/UniformScaleHandle.uasset" 841
"../../../Engine/Content/VREditor/TransformGizmo/UniformScaleHandle.uexp" 842
"../../../Engine/Content/VREditor/TransformGizmo/TranslateArrowHandle.ubulk" 843
"../../../Engine/Content/VREditor/TransformGizmo/TranslateArrowHandle.uasset" 844
"../../../Engine/Content/VREditor/TransformGizmo/TranslateArrowHandle.uexp" 845
"../../../Engine/Content/Functions/Engine_MaterialFunctions02/SplitComponents.uasset" 846
"../../../Engine/Content/Functions/Engine_MaterialFunctions02/SplitComponents.uexp" 847
"../../../Engine/Content/VREditor/SnapGrid/SnapGridMaterial.uasset" 848
"../../../Engine/Content/VREditor/SnapGrid/SnapGridMaterial.uexp" 849
"../../../Engine/Content/VREditor/SnapGrid/SnapGridPlaneMesh.ubulk" 850
"../../../Engine/Content/VREditor/SnapGrid/SnapGridPlaneMesh.uasset" 851
"../../../Engine/Content/VREditor/SnapGrid/SnapGridPlaneMesh.uexp" 852
"../../../Engine/Content/VREditor/Sounds/UI/Gizmo_Handle_Clicked.ubulk" 853
"../../../Engine/Content/VREditor/Sounds/UI/Gizmo_Handle_Clicked.uasset" 854
"../../../Engine/Content/VREditor/Sounds/UI/Gizmo_Handle_Clicked.uexp" 855
"../../../Engine/Content/VREditor/Sounds/UI/Object_PickUp.ubulk" 856
"../../../Engine/Content/VREditor/Sounds/UI/Object_PickUp.uasset" 857
"../../../Engine/Content/VREditor/Sounds/UI/Object_PickUp.uexp" 858
"../../../Engine/Content/VREditor/Sounds/UI/Object_Snaps_To_Another_Actor.ubulk" 859
"../../../Engine/Content/VREditor/Sounds/UI/Object_Snaps_To_Another_Actor.uasset" 860
"../../../Engine/Content/VREditor/Sounds/UI/Object_Snaps_To_Another_Actor.uexp" 861
"../../../Engine/Content/VREditor/Sounds/UI/Object_Snaps_To_Grid.ubulk" 862
"../../../Engine/Content/VREditor/Sounds/UI/Object_Snaps_To_Grid.uasset" 863
"../../../Engine/Content/VREditor/Sounds/UI/Object_Snaps_To_Grid.uexp" 864
"../../../Engine/Content/VREditor/Sounds/UI/Scaling_Down.ubulk" 865
"../../../Engine/Content/VREditor/Sounds/UI/Scaling_Down.uasset" 866
"../../../Engine/Content/VREditor/Sounds/UI/Scaling_Down.uexp" 867
"../../../Engine/Content/VREditor/Sounds/UI/Scaling_Up.ubulk" 868
"../../../Engine/Content/VREditor/Sounds/UI/Scaling_Up.uasset" 869
"../../../Engine/Content/VREditor/Sounds/UI/Scaling_Up.uexp" 870
"../../../Engine/Content/VREditor/Sounds/UI/Selection_Changes.ubulk" 871
"../../../Engine/Content/VREditor/Sounds/UI/Selection_Changes.uasset" 872
"../../../Engine/Content/VREditor/Sounds/UI/Selection_Changes.uexp" 873
"../../../Engine/Content/VREditor/TransformGizmo/PlaneTranslationHandle.ubulk" 874
"../../../Engine/Content/VREditor/TransformGizmo/PlaneTranslationHandle.uasset" 875
"../../../Engine/Content/VREditor/TransformGizmo/PlaneTranslationHandle.uexp" 876
"../../../Engine/Content/VREditor/TransformGizmo/RotationHandleFull.ubulk" 877
"../../../Engine/Content/VREditor/TransformGizmo/RotationHandleFull.uasset" 878
"../../../Engine/Content/VREditor/TransformGizmo/RotationHandleFull.uexp" 879
"../../../Engine/Content/VREditor/TransformGizmo/RotationHandleIndicator.ubulk" 880
"../../../Engine/Content/VREditor/TransformGizmo/RotationHandleIndicator.uasset" 881
"../../../Engine/Content/VREditor/TransformGizmo/RotationHandleIndicator.uexp" 882
"../../../Engine/Content/VREditor/TransformGizmo/RotationHandleQuarter.ubulk" 883
"../../../Engine/Content/VREditor/TransformGizmo/RotationHandleQuarter.uasset" 884
"../../../Engine/Content/VREditor/TransformGizmo/RotationHandleQuarter.uexp" 885
"../../../Engine/Content/VREditor/TransformGizmo/StartRotationHandleIndicator.ubulk" 886
"../../../Engine/Content/VREditor/TransformGizmo/StartRotationHandleIndicator.uasset" 887
"../../../Engine/Content/VREditor/TransformGizmo/StartRotationHandleIndicator.uexp" 888
"../../../Engine/Content/VREditor/TransformGizmo/TransformGizmoFreeRotation.ubulk" 889
"../../../Engine/Content/VREditor/TransformGizmo/TransformGizmoFreeRotation.uasset" 890
"../../../Engine/Content/VREditor/TransformGizmo/TransformGizmoFreeRotation.uexp" 891
"../../../Engine/Content/EditorLandscapeResources/ColorMaskBrushMaterial.uasset" 892
"../../../Engine/Content/EditorLandscapeResources/ColorMaskBrushMaterial.uexp" 893
"../../../Engine/Content/EditorLandscapeResources/ColorMaskBrushMaterial_MaskedRegion.uasset" 894
"../../../Engine/Content/EditorLandscapeResources/ColorMaskBrushMaterial_MaskedRegion.uexp" 895
"../../../Engine/Content/Functions/Engine_MaterialFunctions03/Math/WithinRangeFloat2.uasset" 896
"../../../Engine/Content/Functions/Engine_MaterialFunctions03/Math/WithinRangeFloat2.uexp" 897
"../../../Engine/Content/EditorLandscapeResources/MaskBrushMaterial.uasset" 898
"../../../Engine/Content/EditorLandscapeResources/MaskBrushMaterial.uexp" 899
"../../../Engine/Content/EditorLandscapeResources/MaskBrushMaterial_MaskedRegion.uasset" 900
"../../../Engine/Content/EditorLandscapeResources/MaskBrushMaterial_MaskedRegion.uexp" 901
"../../../Engine/Content/EditorLandscapeResources/SelectBrushMaterial.uasset" 902
"../../../Engine/Content/EditorLandscapeResources/SelectBrushMaterial.uexp" 903
"../../../Engine/Content/EditorLandscapeResources/SelectBrushMaterial_Selected.uasset" 904
"../../../Engine/Content/EditorLandscapeResources/SelectBrushMaterial_Selected.uexp" 905
"../../../Engine/Content/EditorLandscapeResources/SelectBrushMaterial_SelectedRegion.uasset" 906
"../../../Engine/Content/EditorLandscapeResources/SelectBrushMaterial_SelectedRegion.uexp" 907
"../../../Engine/Plugins/NNE/NNEDenoiser/Content/NNE_oidn2-3-0_rt_hdr_alb_nrm_small__dyn__fp16_opset11_DenoiseAlpha.uasset" 908
"../../../Engine/Plugins/NNE/NNEDenoiser/Content/NNE_oidn2-3-0_rt_hdr_alb_nrm_small__dyn__fp16_opset11_DenoiseAlpha.uexp" 909
"../../../Engine/Plugins/NNE/NNEDenoiser/Content/NNE_oidn2-3-0_rt_hdr_alb_nrm_small__dyn__fp16_opset11_ForwardAlpha.uasset" 910
"../../../Engine/Plugins/NNE/NNEDenoiser/Content/NNE_oidn2-3-0_rt_hdr_alb_nrm_small__dyn__fp16_opset11_ForwardAlpha.uexp" 911
"../../../Engine/Plugins/NNE/NNEDenoiser/Content/NNE_oidn2-3-0_rt_hdr_alb_nrm__dyn__fp16_opset11_DenoiseAlpha.uasset" 912
"../../../Engine/Plugins/NNE/NNEDenoiser/Content/NNE_oidn2-3-0_rt_hdr_alb_nrm__dyn__fp16_opset11_DenoiseAlpha.uexp" 913
"../../../Engine/Plugins/NNE/NNEDenoiser/Content/NNE_oidn2-3-0_rt_hdr_alb_nrm__dyn__fp16_opset11_ForwardAlpha.uasset" 914
"../../../Engine/Plugins/NNE/NNEDenoiser/Content/NNE_oidn2-3-0_rt_hdr_alb_nrm__dyn__fp16_opset11_ForwardAlpha.uexp" 915
"../../../Engine/Plugins/NNE/NNEDenoiser/Content/NNE_oidn2-3-0_rt_hdr_calb_cnrm_large__dyn__fp16_opset11_DenoiseAlpha.uasset" 916
"../../../Engine/Plugins/NNE/NNEDenoiser/Content/NNE_oidn2-3-0_rt_hdr_calb_cnrm_large__dyn__fp16_opset11_DenoiseAlpha.uexp" 917
"../../../Engine/Plugins/NNE/NNEDenoiser/Content/NNE_oidn2-3-0_rt_hdr_calb_cnrm_large__dyn__fp16_opset11_ForwardAlpha.uasset" 918
"../../../Engine/Plugins/NNE/NNEDenoiser/Content/NNE_oidn2-3-0_rt_hdr_calb_cnrm_large__dyn__fp16_opset11_ForwardAlpha.uexp" 919
"../../../Engine/Plugins/2D/Paper2D/Content/DefaultSpriteMaterial.uasset" 920
"../../../Engine/Plugins/2D/Paper2D/Content/DefaultSpriteMaterial.uexp" 921
"../../../Engine/Plugins/2D/Paper2D/Content/MaskedUnlitSpriteMaterial.uasset" 922
"../../../Engine/Plugins/2D/Paper2D/Content/MaskedUnlitSpriteMaterial.uexp" 923
"../../../Engine/Plugins/2D/Paper2D/Content/OpaqueUnlitSpriteMaterial.uasset" 924
"../../../Engine/Plugins/2D/Paper2D/Content/OpaqueUnlitSpriteMaterial.uexp" 925
"../../../Engine/Plugins/Animation/DeformerGraph/Content/DeformerFunctions/DG_Function_LinearBlendSkin_Morph_Cloth.uasset" 926
"../../../Engine/Plugins/Animation/DeformerGraph/Content/DeformerFunctions/DG_Function_LinearBlendSkin_Morph_Cloth.uexp" 927
"../../../Engine/Plugins/Animation/DeformerGraph/Content/Deformers/DG_LinearBlendSkin_Morph_Cloth.uasset" 928
"../../../Engine/Plugins/Animation/DeformerGraph/Content/Deformers/DG_LinearBlendSkin_Morph_Cloth.uexp" 929
"../../../Engine/Plugins/Animation/DeformerGraph/Content/DeformerFunctions/DG_Function_LinearBlendSkin_Morph_Cloth_PositionOnly.uasset" 930
"../../../Engine/Plugins/Animation/DeformerGraph/Content/DeformerFunctions/DG_Function_LinearBlendSkin_Morph_Cloth_PositionOnly.uexp" 931
"../../../Engine/Plugins/Animation/DeformerGraph/Content/DeformerFunctions/DG_Function_ComputeNormalsTangents.uasset" 932
"../../../Engine/Plugins/Animation/DeformerGraph/Content/DeformerFunctions/DG_Function_ComputeNormalsTangents.uexp" 933
"../../../Engine/Plugins/Animation/DeformerGraph/Content/Deformers/DG_LinearBlendSkin_Morph_Cloth_RecomputeNormals.uasset" 934
"../../../Engine/Plugins/Animation/DeformerGraph/Content/Deformers/DG_LinearBlendSkin_Morph_Cloth_RecomputeNormals.uexp" 935
"../../../Engine/Plugins/NNE/NNEDenoiser/Content/NNEDT_Oidn2-3_Balanced.uasset" 936
"../../../Engine/Plugins/NNE/NNEDenoiser/Content/NNEDT_Oidn2-3_Balanced.uexp" 937
"../../../Engine/Plugins/NNE/NNEDenoiser/Content/NNEDT_Oidn2-3_Balanced_Alpha.uasset" 938
"../../../Engine/Plugins/NNE/NNEDenoiser/Content/NNEDT_Oidn2-3_Balanced_Alpha.uexp" 939
"../../../Engine/Plugins/NNE/NNEDenoiser/Content/NNED_Oidn2-3_Balanced.uasset" 940
"../../../Engine/Plugins/NNE/NNEDenoiser/Content/NNED_Oidn2-3_Balanced.uexp" 941
"../../../Engine/Plugins/NNE/NNEDenoiser/Content/NNED_Oidn2-3_Balanced_Alpha.uasset" 942
"../../../Engine/Plugins/NNE/NNEDenoiser/Content/NNED_Oidn2-3_Balanced_Alpha.uexp" 943
"../../../Engine/Plugins/NNE/NNEDenoiser/Content/NNED_Oidn2-3_Fast.uasset" 944
"../../../Engine/Plugins/NNE/NNEDenoiser/Content/NNED_Oidn2-3_Fast.uexp" 945
"../../../Engine/Plugins/NNE/NNEDenoiser/Content/NNED_Oidn2-3_Fast_Alpha.uasset" 946
"../../../Engine/Plugins/NNE/NNEDenoiser/Content/NNED_Oidn2-3_Fast_Alpha.uexp" 947
"../../../Engine/Plugins/NNE/NNEDenoiser/Content/NNED_Oidn2-3_HighQuality.uasset" 948
"../../../Engine/Plugins/NNE/NNEDenoiser/Content/NNED_Oidn2-3_HighQuality.uexp" 949
"../../../Engine/Plugins/NNE/NNEDenoiser/Content/NNED_Oidn2-3_HighQuality_Alpha.uasset" 950
"../../../Engine/Plugins/NNE/NNEDenoiser/Content/NNED_Oidn2-3_HighQuality_Alpha.uexp" 951
"../../../Engine/Content/Maps/Entry_BuiltData.uasset" 952
"../../../Engine/Content/Maps/Entry_BuiltData.uexp" 953
"../../../Engine/Content/Maps/Entry.uexp" 954
"../../../Engine/Content/Maps/Entry.umap" 955
"C:/Users/period 5/Documents/Unreal Projects/HitAndRun/Content/TopDownHybrid/Input/MenuActions/IA_Vertical.uasset" 956
"C:/Users/period 5/Documents/Unreal Projects/HitAndRun/Content/TopDownHybrid/Input/MenuActions/IA_Vertical.uexp" 957
"C:/Users/period 5/Documents/Unreal Projects/HitAndRun/Content/TopDownHybrid/Input/MenuActions/IA_Select.uasset" 958
"C:/Users/period 5/Documents/Unreal Projects/HitAndRun/Content/TopDownHybrid/Input/MenuActions/IA_Select.uexp" 959
"C:/Users/period 5/Documents/Unreal Projects/HitAndRun/Content/TopDownHybrid/Input/MenuActions/IA_Horizontal.uasset" 960
"C:/Users/period 5/Documents/Unreal Projects/HitAndRun/Content/TopDownHybrid/Input/MenuActions/IA_Horizontal.uexp" 961
"C:/Users/period 5/Documents/Unreal Projects/HitAndRun/Content/TopDownHybrid/Input/IMC_Menu.uasset" 962
"C:/Users/period 5/Documents/Unreal Projects/HitAndRun/Content/TopDownHybrid/Input/IMC_Menu.uexp" 963
"C:/Users/period 5/Documents/Unreal Projects/HitAndRun/Content/TopDownHybrid/Blueprints/Modes.uasset" 964
"C:/Users/period 5/Documents/Unreal Projects/HitAndRun/Content/TopDownHybrid/Blueprints/Modes.uexp" 965
"C:/Users/period 5/Documents/Unreal Projects/HitAndRun/Content/TopDownHybrid/Blueprints/GI_Modes.uasset" 966
"C:/Users/period 5/Documents/Unreal Projects/HitAndRun/Content/TopDownHybrid/Blueprints/GI_Modes.uexp" 967
"C:/Users/period 5/Documents/Unreal Projects/HitAndRun/Content/TopDownHybrid/Blueprints/GM_Main_Menu.uasset" 968
"C:/Users/period 5/Documents/Unreal Projects/HitAndRun/Content/TopDownHybrid/Blueprints/GM_Main_Menu.uexp" 969
"C:/Users/period 5/Documents/Unreal Projects/HitAndRun/Content/TopDownHybrid/Cutscenes/Cutscene1.uasset" 970
"C:/Users/period 5/Documents/Unreal Projects/HitAndRun/Content/TopDownHybrid/Cutscenes/Cutscene1.uexp" 971
"C:/Users/period 5/Documents/Unreal Projects/HitAndRun/Content/TopDownHybrid/Blueprints/Widgets/Media_sound_Player.uasset" 972
"C:/Users/period 5/Documents/Unreal Projects/HitAndRun/Content/TopDownHybrid/Blueprints/Widgets/Media_sound_Player.uexp" 973
"C:/Users/period 5/Documents/Unreal Projects/HitAndRun/Content/TopDownHybrid/Input/Actions/IA_Jump.uasset" 974
"C:/Users/period 5/Documents/Unreal Projects/HitAndRun/Content/TopDownHybrid/Input/Actions/IA_Jump.uexp" 975
"C:/Users/period 5/Documents/Unreal Projects/HitAndRun/Content/TopDownHybrid/Input/Actions/IA_Move.uasset" 976
"C:/Users/period 5/Documents/Unreal Projects/HitAndRun/Content/TopDownHybrid/Input/Actions/IA_Move.uexp" 977
"C:/Users/period 5/Documents/Unreal Projects/HitAndRun/Content/TopDownHybrid/Input/Actions/IA_Sprint.uasset" 978
"C:/Users/period 5/Documents/Unreal Projects/HitAndRun/Content/TopDownHybrid/Input/Actions/IA_Sprint.uexp" 979
"C:/Users/period 5/Documents/Unreal Projects/HitAndRun/Content/TopDownHybrid/Input/Actions/IA_Steer.uasset" 980
"C:/Users/period 5/Documents/Unreal Projects/HitAndRun/Content/TopDownHybrid/Input/Actions/IA_Steer.uexp" 981
"C:/Users/period 5/Documents/Unreal Projects/HitAndRun/Content/TopDownHybrid/Input/IMC_Hybrid.uasset" 982
"C:/Users/period 5/Documents/Unreal Projects/HitAndRun/Content/TopDownHybrid/Input/IMC_Hybrid.uexp" 983
"C:/Users/period 5/Documents/Unreal Projects/HitAndRun/Content/TopDownHybrid/Sounds/Sfx/494312__tannersound__impact-bass-crunch.ubulk" 984
"C:/Users/period 5/Documents/Unreal Projects/HitAndRun/Content/TopDownHybrid/Sounds/Sfx/494312__tannersound__impact-bass-crunch.uasset" 985
"C:/Users/period 5/Documents/Unreal Projects/HitAndRun/Content/TopDownHybrid/Sounds/Sfx/494312__tannersound__impact-bass-crunch.uexp" 986
"C:/Users/period 5/Documents/Unreal Projects/HitAndRun/Content/Movies/Trailer_Cutscene.uasset" 987
"C:/Users/period 5/Documents/Unreal Projects/HitAndRun/Content/Movies/Trailer_Cutscene.uexp" 988
"C:/Users/period 5/Documents/Unreal Projects/HitAndRun/Content/TopDownHybrid/Sounds/Sfx/514342__exechamp__gritty-ui-audio-35.ubulk" 989
"C:/Users/period 5/Documents/Unreal Projects/HitAndRun/Content/TopDownHybrid/Sounds/Sfx/514342__exechamp__gritty-ui-audio-35.uasset" 990
"C:/Users/period 5/Documents/Unreal Projects/HitAndRun/Content/TopDownHybrid/Sounds/Sfx/514342__exechamp__gritty-ui-audio-35.uexp" 991
"C:/Users/period 5/Documents/Unreal Projects/HitAndRun/Content/TopDownHybrid/Sounds/Music/Giggle_Figgle.ubulk" 992
"C:/Users/period 5/Documents/Unreal Projects/HitAndRun/Content/TopDownHybrid/Sounds/Music/Giggle_Figgle.uasset" 993
"C:/Users/period 5/Documents/Unreal Projects/HitAndRun/Content/TopDownHybrid/Sounds/Music/Giggle_Figgle.uexp" 994
"C:/Users/period 5/Documents/Unreal Projects/HitAndRun/Content/TopDownHybrid/Materials/Images/MenuJPG.uasset" 995
"C:/Users/period 5/Documents/Unreal Projects/HitAndRun/Content/TopDownHybrid/Materials/Images/MenuJPG.uexp" 996
"C:/Users/period 5/Documents/Unreal Projects/HitAndRun/Content/TopDownHybrid/Materials/Images/IMG_2020.uasset" 997
"C:/Users/period 5/Documents/Unreal Projects/HitAndRun/Content/TopDownHybrid/Materials/Images/IMG_2020.uexp" 998
"C:/Users/period 5/Documents/Unreal Projects/HitAndRun/Content/TopDownHybrid/Materials/Fonts/SpeedFreaksItalic-6O0q.uexp" 999
"C:/Users/period 5/Documents/Unreal Projects/HitAndRun/Content/TopDownHybrid/Materials/Fonts/SpeedFreaksItalic-6O0q.uasset" 1000
"C:/Users/period 5/Documents/Unreal Projects/HitAndRun/Content/TopDownHybrid/Materials/Fonts/SpeedFreaksItalic-6O0q.ufont" 1001
"C:/Users/period 5/Documents/Unreal Projects/HitAndRun/Content/TopDownHybrid/Materials/Fonts/SpeedFreaksItalic-6O0q_Font.uasset" 1002
"C:/Users/period 5/Documents/Unreal Projects/HitAndRun/Content/TopDownHybrid/Materials/Fonts/SpeedFreaksItalic-6O0q_Font.uexp" 1003
"C:/Users/period 5/Documents/Unreal Projects/HitAndRun/Content/TopDownHybrid/Cutscenes/Cutscene1_Video.uasset" 1004
"C:/Users/period 5/Documents/Unreal Projects/HitAndRun/Content/TopDownHybrid/Cutscenes/Cutscene1_Video.uexp" 1005
"C:/Users/period 5/Documents/Unreal Projects/HitAndRun/Content/TopDownHybrid/Cutscenes/Test_cutscene1.uasset" 1006
"C:/Users/period 5/Documents/Unreal Projects/HitAndRun/Content/TopDownHybrid/Cutscenes/Test_cutscene1.uexp" 1007
"C:/Users/period 5/Documents/Unreal Projects/HitAndRun/Content/TopDownHybrid/Blueprints/Widgets/WB_Cutscene.uasset" 1008
"C:/Users/period 5/Documents/Unreal Projects/HitAndRun/Content/TopDownHybrid/Blueprints/Widgets/WB_Cutscene.uexp" 1009
"../../../Engine/Content/EngineSounds/1kSineTonePing.ubulk" 1010
"../../../Engine/Content/EngineSounds/1kSineTonePing.uasset" 1011
"../../../Engine/Content/EngineSounds/1kSineTonePing.uexp" 1012
"C:/Users/period 5/Documents/Unreal Projects/HitAndRun/Content/TopDownHybrid/Sounds/Sfx/718005__johnny25225__heavywobblyimpacthit_16.ubulk" 1013
"C:/Users/period 5/Documents/Unreal Projects/HitAndRun/Content/TopDownHybrid/Sounds/Sfx/718005__johnny25225__heavywobblyimpacthit_16.uasset" 1014
"C:/Users/period 5/Documents/Unreal Projects/HitAndRun/Content/TopDownHybrid/Sounds/Sfx/718005__johnny25225__heavywobblyimpacthit_16.uexp" 1015
"C:/Users/period 5/Documents/Unreal Projects/HitAndRun/Content/TopDownHybrid/Sounds/Sfx/tirescreech3.ubulk" 1016
"C:/Users/period 5/Documents/Unreal Projects/HitAndRun/Content/TopDownHybrid/Sounds/Sfx/tirescreech3.uasset" 1017
"C:/Users/period 5/Documents/Unreal Projects/HitAndRun/Content/TopDownHybrid/Sounds/Sfx/tirescreech3.uexp" 1018
"C:/Users/period 5/Documents/Unreal Projects/HitAndRun/Content/TopDownHybrid/Sounds/Sfx/104026__rutgermuller__tires-squeaking.ubulk" 1019
"C:/Users/period 5/Documents/Unreal Projects/HitAndRun/Content/TopDownHybrid/Sounds/Sfx/104026__rutgermuller__tires-squeaking.uasset" 1020
"C:/Users/period 5/Documents/Unreal Projects/HitAndRun/Content/TopDownHybrid/Sounds/Sfx/104026__rutgermuller__tires-squeaking.uexp" 1021
"C:/Users/period 5/Documents/Unreal Projects/HitAndRun/Content/TopDownHybrid/Sounds/Sfx/car_hit.ubulk" 1022
"C:/Users/period 5/Documents/Unreal Projects/HitAndRun/Content/TopDownHybrid/Sounds/Sfx/car_hit.uasset" 1023
"C:/Users/period 5/Documents/Unreal Projects/HitAndRun/Content/TopDownHybrid/Sounds/Sfx/car_hit.uexp" 1024
"C:/Users/period 5/Documents/Unreal Projects/HitAndRun/Content/TopDownHybrid/Sounds/Sfx/671312__gregorquendel__fire-impacts-complex-20.ubulk" 1025
"C:/Users/period 5/Documents/Unreal Projects/HitAndRun/Content/TopDownHybrid/Sounds/Sfx/671312__gregorquendel__fire-impacts-complex-20.uasset" 1026
"C:/Users/period 5/Documents/Unreal Projects/HitAndRun/Content/TopDownHybrid/Sounds/Sfx/671312__gregorquendel__fire-impacts-complex-20.uexp" 1027
"C:/Users/period 5/Documents/Unreal Projects/HitAndRun/Content/TopDownHybrid/Materials/Images/TutorialWheel.uasset" 1028
"C:/Users/period 5/Documents/Unreal Projects/HitAndRun/Content/TopDownHybrid/Materials/Images/TutorialWheel.uexp" 1029
"C:/Users/period 5/Documents/Unreal Projects/HitAndRun/Content/TopDownHybrid/Materials/Images/Tutorial2.uasset" 1030
"C:/Users/period 5/Documents/Unreal Projects/HitAndRun/Content/TopDownHybrid/Materials/Images/Tutorial2.uexp" 1031
"C:/Users/period 5/Documents/Unreal Projects/HitAndRun/Content/TopDownHybrid/Materials/Images/Tutorial1.uasset" 1032
"C:/Users/period 5/Documents/Unreal Projects/HitAndRun/Content/TopDownHybrid/Materials/Images/Tutorial1.uexp" 1033
"C:/Users/period 5/Documents/Unreal Projects/HitAndRun/Content/TopDownHybrid/Blueprints/Widgets/WB_Tutorial.uasset" 1034
"C:/Users/period 5/Documents/Unreal Projects/HitAndRun/Content/TopDownHybrid/Blueprints/Widgets/WB_Tutorial.uexp" 1035
"C:/Users/period 5/Documents/Unreal Projects/HitAndRun/Content/TopDownHybrid/Blueprints/Widgets/WB_Main_Menu.uasset" 1036
"C:/Users/period 5/Documents/Unreal Projects/HitAndRun/Content/TopDownHybrid/Blueprints/Widgets/WB_Main_Menu.uexp" 1037
"C:/Users/period 5/Documents/Unreal Projects/HitAndRun/Content/TopDownHybrid/Maps/L_Main_Menu.uexp" 1038
"C:/Users/period 5/Documents/Unreal Projects/HitAndRun/Content/TopDownHybrid/Maps/L_Main_Menu.umap" 1039
"../../../Engine/Content/BasicShapes/Cube.ubulk" 1040
"../../../Engine/Content/BasicShapes/Cube.uasset" 1041
"../../../Engine/Content/BasicShapes/Cube.uexp" 1042
"../../../Engine/Content/TemplateResources/M_Template_Master.uasset" 1043
"../../../Engine/Content/TemplateResources/M_Template_Master.uexp" 1044
"../../../Engine/Content/TemplateResources/MI_Template_BaseGray_03.uasset" 1045
"../../../Engine/Content/TemplateResources/MI_Template_BaseGray_03.uexp" 1046
"../../../Engine/Content/MapTemplates/SM_Template_Map_Floor.ubulk" 1047
"../../../Engine/Content/MapTemplates/SM_Template_Map_Floor.uasset" 1048
"../../../Engine/Content/MapTemplates/SM_Template_Map_Floor.uexp" 1049
"../../../Engine/Content/EngineSky/T_Sky_Stars.ubulk" 1050
"../../../Engine/Content/EngineSky/T_Sky_Stars.uasset" 1051
"../../../Engine/Content/EngineSky/T_Sky_Stars.uexp" 1052
"../../../Engine/Content/EngineSky/T_Sky_Clouds_M.ubulk" 1053
"../../../Engine/Content/EngineSky/T_Sky_Clouds_M.uasset" 1054
"../../../Engine/Content/EngineSky/T_Sky_Clouds_M.uexp" 1055
"../../../Engine/Content/EngineSky/T_Sky_Blue.ubulk" 1056
"../../../Engine/Content/EngineSky/T_Sky_Blue.uasset" 1057
"../../../Engine/Content/EngineSky/T_Sky_Blue.uexp" 1058
"../../../Engine/Content/EngineSky/M_Sky_Panning_Clouds2.uasset" 1059
"../../../Engine/Content/EngineSky/M_Sky_Panning_Clouds2.uexp" 1060
"../../../Engine/Content/EngineSky/SM_SkySphere.ubulk" 1061
"../../../Engine/Content/EngineSky/SM_SkySphere.uasset" 1062
"../../../Engine/Content/EngineSky/SM_SkySphere.uexp" 1063
"../../../Engine/Content/EngineSky/M_SimpleSkyDome.uasset" 1064
"../../../Engine/Content/EngineSky/M_SimpleSkyDome.uexp" 1065
"../../../Engine/Content/EngineSky/VolumetricClouds/VT_PerlinWorley_Balanced.uasset" 1066
"../../../Engine/Content/EngineSky/VolumetricClouds/VT_PerlinWorley_Balanced.uexp" 1067
"../../../Engine/Content/EngineSky/VolumetricClouds/T_Profile_08.ubulk" 1068
"../../../Engine/Content/EngineSky/VolumetricClouds/T_Profile_08.uasset" 1069
"../../../Engine/Content/EngineSky/VolumetricClouds/T_Profile_08.uexp" 1070
"../../../Engine/Content/EngineSky/VolumetricClouds/T_CloudPattern.ubulk" 1071
"../../../Engine/Content/EngineSky/VolumetricClouds/T_CloudPattern.uasset" 1072
"../../../Engine/Content/EngineSky/VolumetricClouds/T_CloudPattern.uexp" 1073
"../../../Engine/Content/EngineSky/VolumetricClouds/T_CloudMask.ubulk" 1074
"../../../Engine/Content/EngineSky/VolumetricClouds/T_CloudMask.uasset" 1075
"../../../Engine/Content/EngineSky/VolumetricClouds/T_CloudMask.uexp" 1076
"../../../Engine/Content/Functions/Engine_MaterialFunctions02/Utility/BreakOutFloat4Components.uasset" 1077
"../../../Engine/Content/Functions/Engine_MaterialFunctions02/Utility/BreakOutFloat4Components.uexp" 1078
"../../../Engine/Content/EngineResources/DefaultVolumeTexture2D.uasset" 1079
"../../../Engine/Content/EngineResources/DefaultVolumeTexture2D.uexp" 1080
"../../../Engine/Content/EngineResources/DefaultVolumeTexture.uasset" 1081
"../../../Engine/Content/EngineResources/DefaultVolumeTexture.uexp" 1082
"../../../Engine/Content/Functions/Engine_MaterialFunctions02/Utility/MakeFloat4.uasset" 1083
"../../../Engine/Content/Functions/Engine_MaterialFunctions02/Utility/MakeFloat4.uexp" 1084
"../../../Engine/Content/EngineSky/VolumetricClouds/VT_Lightning.uasset" 1085
"../../../Engine/Content/EngineSky/VolumetricClouds/VT_Lightning.uexp" 1086
"../../../Engine/Content/Functions/Engine_MaterialFunctions01/Units/Km-to-Cm.uasset" 1087
"../../../Engine/Content/Functions/Engine_MaterialFunctions01/Units/Km-to-Cm.uexp" 1088
"../../../Engine/Content/EngineSky/VolumetricClouds/m_SimpleVolumetricCloud.uasset" 1089
"../../../Engine/Content/EngineSky/VolumetricClouds/m_SimpleVolumetricCloud.uexp" 1090
"../../../Engine/Content/EngineSky/VolumetricClouds/m_SimpleVolumetricCloud_Inst.uasset" 1091
"../../../Engine/Content/EngineSky/VolumetricClouds/m_SimpleVolumetricCloud_Inst.uexp" 1092
"../../../Engine/Content/EngineMaterials/BlendFunc_DefBlend.uasset" 1093
"../../../Engine/Content/EngineMaterials/BlendFunc_DefBlend.uexp" 1094
"../../../Engine/Content/EngineMaterials/BlendFunc_DefBase.uasset" 1095
"../../../Engine/Content/EngineMaterials/BlendFunc_DefBase.uexp" 1096
"../../../Engine/Content/Functions/Engine_MaterialFunctions03/Blends/Blend_Overlay.uasset" 1097
"../../../Engine/Content/Functions/Engine_MaterialFunctions03/Blends/Blend_Overlay.uexp" 1098
"../../../Engine/Content/Functions/Engine_MaterialFunctions01/Gradient/LinearGradient.uasset" 1099
"../../../Engine/Content/Functions/Engine_MaterialFunctions01/Gradient/LinearGradient.uexp" 1100
"../../../Engine/Content/Functions/Engine_MaterialFunctions01/ImageAdjustment/CheapContrast.uasset" 1101
"../../../Engine/Content/Functions/Engine_MaterialFunctions01/ImageAdjustment/CheapContrast.uexp" 1102
"../../../Engine/Content/OpenWorldTemplate/LandscapeMaterial/T_GridChecker_A.ubulk" 1103
"../../../Engine/Content/OpenWorldTemplate/LandscapeMaterial/T_GridChecker_A.uasset" 1104
"../../../Engine/Content/OpenWorldTemplate/LandscapeMaterial/T_GridChecker_A.uexp" 1105
"../../../Engine/Content/OpenWorldTemplate/LandscapeMaterial/MF_ProcGrid.uasset" 1106
"../../../Engine/Content/OpenWorldTemplate/LandscapeMaterial/MF_ProcGrid.uexp" 1107
"../../../Engine/Content/OpenWorldTemplate/LandscapeMaterial/M_ProcGrid.uasset" 1108
"../../../Engine/Content/OpenWorldTemplate/LandscapeMaterial/M_ProcGrid.uexp" 1109
"../../../Engine/Content/OpenWorldTemplate/LandscapeMaterial/MI_ProcGrid.uasset" 1110
"../../../Engine/Content/OpenWorldTemplate/LandscapeMaterial/MI_ProcGrid.uexp" 1111
"../../../Engine/Content/Functions/Engine_MaterialFunctions02/Utility/DitherTemporalAA.uasset" 1112
"../../../Engine/Content/Functions/Engine_MaterialFunctions02/Utility/DitherTemporalAA.uexp" 1113
"../../../Engine/Content/Functions/Engine_MaterialFunctions02/Utility/AppendMany.uasset" 1114
"../../../Engine/Content/Functions/Engine_MaterialFunctions02/Utility/AppendMany.uexp" 1115
"C:/Users/period 5/Documents/Unreal Projects/HitAndRun/Content/TopDownHybrid/Materials/PlayerLocation.uasset" 1116
"C:/Users/period 5/Documents/Unreal Projects/HitAndRun/Content/TopDownHybrid/Materials/PlayerLocation.uexp" 1117
"C:/Users/period 5/Documents/Unreal Projects/HitAndRun/Content/TopDownHybrid/Materials/MF_Dither.uasset" 1118
"C:/Users/period 5/Documents/Unreal Projects/HitAndRun/Content/TopDownHybrid/Materials/MF_Dither.uexp" 1119
"C:/Users/period 5/Documents/Unreal Projects/HitAndRun/Content/TopDownHybrid/Materials/MaskableMaterial.uasset" 1120
"C:/Users/period 5/Documents/Unreal Projects/HitAndRun/Content/TopDownHybrid/Materials/MaskableMaterial.uexp" 1121
"C:/Users/period 5/Documents/Unreal Projects/HitAndRun/Content/TopDownHybrid/Meshes/construction-dig-site-an_extracted/source/model_extracted/TEX_tex_u1_v1_diffuse.ubulk" 1122
"C:/Users/period 5/Documents/Unreal Projects/HitAndRun/Content/TopDownHybrid/Meshes/construction-dig-site-an_extracted/source/model_extracted/TEX_tex_u1_v1_diffuse.uasset" 1123
"C:/Users/period 5/Documents/Unreal Projects/HitAndRun/Content/TopDownHybrid/Meshes/construction-dig-site-an_extracted/source/model_extracted/TEX_tex_u1_v1_diffuse.uexp" 1124
"C:/Users/period 5/Documents/Unreal Projects/HitAndRun/Content/TopDownHybrid/Meshes/construction-dig-site-an_extracted/source/model_extracted/tex_u1_v1.uasset" 1125
"C:/Users/period 5/Documents/Unreal Projects/HitAndRun/Content/TopDownHybrid/Meshes/construction-dig-site-an_extracted/source/model_extracted/tex_u1_v1.uexp" 1126
"C:/Users/period 5/Documents/Unreal Projects/HitAndRun/Content/TopDownHybrid/Meshes/construction-dig-site-an_extracted/source/model_extracted/model.ubulk" 1127
"C:/Users/period 5/Documents/Unreal Projects/HitAndRun/Content/TopDownHybrid/Meshes/construction-dig-site-an_extracted/source/model_extracted/model.uasset" 1128
"C:/Users/period 5/Documents/Unreal Projects/HitAndRun/Content/TopDownHybrid/Meshes/construction-dig-site-an_extracted/source/model_extracted/model.uexp" 1129
"../../../Engine/Content/EngineResources/DefaultTexture.ubulk" 1130
"../../../Engine/Content/EngineResources/DefaultTexture.uasset" 1131
"../../../Engine/Content/EngineResources/DefaultTexture.uexp" 1132
"../../../Engine/Content/EngineMaterials/DefaultNormal.ubulk" 1133
"../../../Engine/Content/EngineMaterials/DefaultNormal.uasset" 1134
"../../../Engine/Content/EngineMaterials/DefaultNormal.uexp" 1135
"../../../Engine/Plugins/Interchange/Assets/Content/Materials/MapOrColorFunction.uasset" 1136
"../../../Engine/Plugins/Interchange/Assets/Content/Materials/MapOrColorFunction.uexp" 1137
"../../../Engine/Plugins/Interchange/Assets/Content/Materials/MapOrLinearColorFunction.uasset" 1138
"../../../Engine/Plugins/Interchange/Assets/Content/Materials/MapOrLinearColorFunction.uexp" 1139
"../../../Engine/Plugins/Interchange/Assets/Content/Materials/MapOrScalarFunction.uasset" 1140
"../../../Engine/Plugins/Interchange/Assets/Content/Materials/MapOrScalarFunction.uexp" 1141
"../../../Engine/Plugins/Interchange/Assets/Content/Materials/CommonMaterial.uasset" 1142
"../../../Engine/Plugins/Interchange/Assets/Content/Materials/CommonMaterial.uexp" 1143
"../../../Engine/Plugins/Interchange/Assets/Content/Materials/LambertSurfaceMaterial.uasset" 1144
"../../../Engine/Plugins/Interchange/Assets/Content/Materials/LambertSurfaceMaterial.uexp" 1145
"C:/Users/period 5/Documents/Unreal Projects/HitAndRun/Content/Fab/Construction_site_-_clay_embankment/TEX_tex_u2_v1_diffuse.uexp" 1146
"C:/Users/period 5/Documents/Unreal Projects/HitAndRun/Content/Fab/Construction_site_-_clay_embankment/TEX_tex_u2_v1_diffuse.ubulk" 1147
"C:/Users/period 5/Documents/Unreal Projects/HitAndRun/Content/Fab/Construction_site_-_clay_embankment/TEX_tex_u2_v1_diffuse.uasset" 1148
"C:/Users/period 5/Documents/Unreal Projects/HitAndRun/Content/Fab/Construction_site_-_clay_embankment/TEX_tex_u2_v1_diffuse.uptnl" 1149
"C:/Users/period 5/Documents/Unreal Projects/HitAndRun/Content/Fab/Construction_site_-_clay_embankment/tex_u2_v1.uasset" 1150
"C:/Users/period 5/Documents/Unreal Projects/HitAndRun/Content/Fab/Construction_site_-_clay_embankment/tex_u2_v1.uexp" 1151
"C:/Users/period 5/Documents/Unreal Projects/HitAndRun/Content/Fab/Construction_site_-_clay_embankment/TEX_tex_u1_v2_diffuse.uexp" 1152
"C:/Users/period 5/Documents/Unreal Projects/HitAndRun/Content/Fab/Construction_site_-_clay_embankment/TEX_tex_u1_v2_diffuse.ubulk" 1153
"C:/Users/period 5/Documents/Unreal Projects/HitAndRun/Content/Fab/Construction_site_-_clay_embankment/TEX_tex_u1_v2_diffuse.uasset" 1154
"C:/Users/period 5/Documents/Unreal Projects/HitAndRun/Content/Fab/Construction_site_-_clay_embankment/TEX_tex_u1_v2_diffuse.uptnl" 1155
"C:/Users/period 5/Documents/Unreal Projects/HitAndRun/Content/Fab/Construction_site_-_clay_embankment/tex_u1_v2.uasset" 1156
"C:/Users/period 5/Documents/Unreal Projects/HitAndRun/Content/Fab/Construction_site_-_clay_embankment/tex_u1_v2.uexp" 1157
"C:/Users/period 5/Documents/Unreal Projects/HitAndRun/Content/Fab/Construction_site_-_clay_embankment/TEX_tex_u1_v1_diffuse.uexp" 1158
"C:/Users/period 5/Documents/Unreal Projects/HitAndRun/Content/Fab/Construction_site_-_clay_embankment/TEX_tex_u1_v1_diffuse.ubulk" 1159
"C:/Users/period 5/Documents/Unreal Projects/HitAndRun/Content/Fab/Construction_site_-_clay_embankment/TEX_tex_u1_v1_diffuse.uasset" 1160
"C:/Users/period 5/Documents/Unreal Projects/HitAndRun/Content/Fab/Construction_site_-_clay_embankment/TEX_tex_u1_v1_diffuse.uptnl" 1161
"C:/Users/period 5/Documents/Unreal Projects/HitAndRun/Content/Fab/Construction_site_-_clay_embankment/tex_u1_v1.uasset" 1162
"C:/Users/period 5/Documents/Unreal Projects/HitAndRun/Content/Fab/Construction_site_-_clay_embankment/tex_u1_v1.uexp" 1163
"C:/Users/period 5/Documents/Unreal Projects/HitAndRun/Content/Fab/Construction_site_-_clay_embankment/model.ubulk" 1164
"C:/Users/period 5/Documents/Unreal Projects/HitAndRun/Content/Fab/Construction_site_-_clay_embankment/model.uasset" 1165
"C:/Users/period 5/Documents/Unreal Projects/HitAndRun/Content/Fab/Construction_site_-_clay_embankment/model.uexp" 1166
"C:/Users/period 5/Documents/Unreal Projects/HitAndRun/Content/Fab/Construction_Interior/building_model.ubulk" 1167
"C:/Users/period 5/Documents/Unreal Projects/HitAndRun/Content/Fab/Construction_Interior/building_model.uasset" 1168
"C:/Users/period 5/Documents/Unreal Projects/HitAndRun/Content/Fab/Construction_Interior/building_model.uexp" 1169
"C:/Users/period 5/Documents/Unreal Projects/HitAndRun/Content/Construction_VOL1/Textures/Unique/TX_LightGenerator_01a_RMA.ubulk" 1170
"C:/Users/period 5/Documents/Unreal Projects/HitAndRun/Content/Construction_VOL1/Textures/Unique/TX_LightGenerator_01a_RMA.uasset" 1171
"C:/Users/period 5/Documents/Unreal Projects/HitAndRun/Content/Construction_VOL1/Textures/Unique/TX_LightGenerator_01a_RMA.uexp" 1172
"C:/Users/period 5/Documents/Unreal Projects/HitAndRun/Content/Construction_VOL1/Textures/Unique/TX_LightGenerator_01a_NRM.ubulk" 1173
"C:/Users/period 5/Documents/Unreal Projects/HitAndRun/Content/Construction_VOL1/Textures/Unique/TX_LightGenerator_01a_NRM.uasset" 1174
"C:/Users/period 5/Documents/Unreal Projects/HitAndRun/Content/Construction_VOL1/Textures/Unique/TX_LightGenerator_01a_NRM.uexp" 1175
"C:/Users/period 5/Documents/Unreal Projects/HitAndRun/Content/Construction_VOL1/Textures/Unique/TX_LightGenerator_01a_ALB.ubulk" 1176
"C:/Users/period 5/Documents/Unreal Projects/HitAndRun/Content/Construction_VOL1/Textures/Unique/TX_LightGenerator_01a_ALB.uasset" 1177
"C:/Users/period 5/Documents/Unreal Projects/HitAndRun/Content/Construction_VOL1/Textures/Unique/TX_LightGenerator_01a_ALB.uexp" 1178
"../../../Engine/Content/Functions/MaterialLayerFunctions/MatLayerBlend_Simple.uasset" 1179
"../../../Engine/Content/Functions/MaterialLayerFunctions/MatLayerBlend_Simple.uexp" 1180
"../../../Engine/Content/Functions/MaterialLayerFunctions/MatLayerBlend_BreakBaseColor.uasset" 1181
"../../../Engine/Content/Functions/MaterialLayerFunctions/MatLayerBlend_BreakBaseColor.uexp" 1182
"C:/Users/period 5/Documents/Unreal Projects/HitAndRun/Content/Construction_VOL1/Textures/Utility/TX_Fill_01_RMA.ubulk" 1183
"C:/Users/period 5/Documents/Unreal Projects/HitAndRun/Content/Construction_VOL1/Textures/Utility/TX_Fill_01_RMA.uasset" 1184
"C:/Users/period 5/Documents/Unreal Projects/HitAndRun/Content/Construction_VOL1/Textures/Utility/TX_Fill_01_RMA.uexp" 1185
"C:/Users/period 5/Documents/Unreal Projects/HitAndRun/Content/Construction_VOL1/Textures/Utility/TX_Fill_01_NRM.ubulk" 1186
"C:/Users/period 5/Documents/Unreal Projects/HitAndRun/Content/Construction_VOL1/Textures/Utility/TX_Fill_01_NRM.uasset" 1187
"C:/Users/period 5/Documents/Unreal Projects/HitAndRun/Content/Construction_VOL1/Textures/Utility/TX_Fill_01_NRM.uexp" 1188
"C:/Users/period 5/Documents/Unreal Projects/HitAndRun/Content/Construction_VOL1/Textures/Utility/TX_Fill_01_ALB.ubulk" 1189
"C:/Users/period 5/Documents/Unreal Projects/HitAndRun/Content/Construction_VOL1/Textures/Utility/TX_Fill_01_ALB.uasset" 1190
"C:/Users/period 5/Documents/Unreal Projects/HitAndRun/Content/Construction_VOL1/Textures/Utility/TX_Fill_01_ALB.uexp" 1191
"C:/Users/period 5/Documents/Unreal Projects/HitAndRun/Content/Construction_VOL1/Textures/Tileable/TX_Noise_NRM.ubulk" 1192
"C:/Users/period 5/Documents/Unreal Projects/HitAndRun/Content/Construction_VOL1/Textures/Tileable/TX_Noise_NRM.uasset" 1193
"C:/Users/period 5/Documents/Unreal Projects/HitAndRun/Content/Construction_VOL1/Textures/Tileable/TX_Noise_NRM.uexp" 1194
"C:/Users/period 5/Documents/Unreal Projects/HitAndRun/Content/Construction_VOL1/Textures/Tileable/TX_Micro_MASK.ubulk" 1195
"C:/Users/period 5/Documents/Unreal Projects/HitAndRun/Content/Construction_VOL1/Textures/Tileable/TX_Micro_MASK.uasset" 1196
"C:/Users/period 5/Documents/Unreal Projects/HitAndRun/Content/Construction_VOL1/Textures/Tileable/TX_Micro_MASK.uexp" 1197
"C:/Users/period 5/Documents/Unreal Projects/HitAndRun/Content/Construction_VOL1/Materials/Functions/MF_MicroDetail_01a.uasset" 1198
"C:/Users/period 5/Documents/Unreal Projects/HitAndRun/Content/Construction_VOL1/Materials/Functions/MF_MicroDetail_01a.uexp" 1199
"C:/Users/period 5/Documents/Unreal Projects/HitAndRun/Content/Construction_VOL1/Textures/Tileable/TX_Dirt_01_ALB.ubulk" 1200
"C:/Users/period 5/Documents/Unreal Projects/HitAndRun/Content/Construction_VOL1/Textures/Tileable/TX_Dirt_01_ALB.uasset" 1201
"C:/Users/period 5/Documents/Unreal Projects/HitAndRun/Content/Construction_VOL1/Textures/Tileable/TX_Dirt_01_ALB.uexp" 1202
"C:/Users/period 5/Documents/Unreal Projects/HitAndRun/Content/Construction_VOL1/Materials/Functions/MI_VertexBlend_02a.uasset" 1203
"C:/Users/period 5/Documents/Unreal Projects/HitAndRun/Content/Construction_VOL1/Materials/Functions/MI_VertexBlend_02a.uexp" 1204
"C:/Users/period 5/Documents/Unreal Projects/HitAndRun/Content/Construction_VOL1/Materials/Masters/MM_MasterMaterial_01.uasset" 1205
"C:/Users/period 5/Documents/Unreal Projects/HitAndRun/Content/Construction_VOL1/Materials/Masters/MM_MasterMaterial_01.uexp" 1206
"C:/Users/period 5/Documents/Unreal Projects/HitAndRun/Content/Construction_VOL1/Materials/Instances/MI_Lightgenerator_01a.uasset" 1207
"C:/Users/period 5/Documents/Unreal Projects/HitAndRun/Content/Construction_VOL1/Materials/Instances/MI_Lightgenerator_01a.uexp" 1208
"C:/Users/period 5/Documents/Unreal Projects/HitAndRun/Content/Construction_VOL1/Textures/Unique/TX_LightGenerator_01b_RMA.ubulk" 1209
"C:/Users/period 5/Documents/Unreal Projects/HitAndRun/Content/Construction_VOL1/Textures/Unique/TX_LightGenerator_01b_RMA.uasset" 1210
"C:/Users/period 5/Documents/Unreal Projects/HitAndRun/Content/Construction_VOL1/Textures/Unique/TX_LightGenerator_01b_RMA.uexp" 1211
"C:/Users/period 5/Documents/Unreal Projects/HitAndRun/Content/Construction_VOL1/Textures/Unique/TX_LightGenerator_01b_NRM.ubulk" 1212
"C:/Users/period 5/Documents/Unreal Projects/HitAndRun/Content/Construction_VOL1/Textures/Unique/TX_LightGenerator_01b_NRM.uasset" 1213
"C:/Users/period 5/Documents/Unreal Projects/HitAndRun/Content/Construction_VOL1/Textures/Unique/TX_LightGenerator_01b_NRM.uexp" 1214
"C:/Users/period 5/Documents/Unreal Projects/HitAndRun/Content/Construction_VOL1/Textures/Unique/TX_LightGenerator_01b_ALB.ubulk" 1215
"C:/Users/period 5/Documents/Unreal Projects/HitAndRun/Content/Construction_VOL1/Textures/Unique/TX_LightGenerator_01b_ALB.uasset" 1216
"C:/Users/period 5/Documents/Unreal Projects/HitAndRun/Content/Construction_VOL1/Textures/Unique/TX_LightGenerator_01b_ALB.uexp" 1217
"C:/Users/period 5/Documents/Unreal Projects/HitAndRun/Content/Construction_VOL1/Materials/Instances/MI_Lightgenerator_01b.uasset" 1218
"C:/Users/period 5/Documents/Unreal Projects/HitAndRun/Content/Construction_VOL1/Materials/Instances/MI_Lightgenerator_01b.uexp" 1219
"C:/Users/period 5/Documents/Unreal Projects/HitAndRun/Content/Construction_VOL1/Meshes/SM_LightGenerator_01a.ubulk" 1220
"C:/Users/period 5/Documents/Unreal Projects/HitAndRun/Content/Construction_VOL1/Meshes/SM_LightGenerator_01a.uasset" 1221
"C:/Users/period 5/Documents/Unreal Projects/HitAndRun/Content/Construction_VOL1/Meshes/SM_LightGenerator_01a.uexp" 1222
"C:/Users/period 5/Documents/Unreal Projects/HitAndRun/Content/Construction_VOL1/Textures/Unique/TX_Crates_01a_RMA.ubulk" 1223
"C:/Users/period 5/Documents/Unreal Projects/HitAndRun/Content/Construction_VOL1/Textures/Unique/TX_Crates_01a_RMA.uasset" 1224
"C:/Users/period 5/Documents/Unreal Projects/HitAndRun/Content/Construction_VOL1/Textures/Unique/TX_Crates_01a_RMA.uexp" 1225
"C:/Users/period 5/Documents/Unreal Projects/HitAndRun/Content/Construction_VOL1/Textures/Unique/TX_Crates_01a_NRM.ubulk" 1226
"C:/Users/period 5/Documents/Unreal Projects/HitAndRun/Content/Construction_VOL1/Textures/Unique/TX_Crates_01a_NRM.uasset" 1227
"C:/Users/period 5/Documents/Unreal Projects/HitAndRun/Content/Construction_VOL1/Textures/Unique/TX_Crates_01a_NRM.uexp" 1228
"C:/Users/period 5/Documents/Unreal Projects/HitAndRun/Content/Construction_VOL1/Textures/Unique/TX_Crates_01a_ALB.ubulk" 1229
"C:/Users/period 5/Documents/Unreal Projects/HitAndRun/Content/Construction_VOL1/Textures/Unique/TX_Crates_01a_ALB.uasset" 1230
"C:/Users/period 5/Documents/Unreal Projects/HitAndRun/Content/Construction_VOL1/Textures/Unique/TX_Crates_01a_ALB.uexp" 1231
"C:/Users/period 5/Documents/Unreal Projects/HitAndRun/Content/Construction_VOL1/Materials/Instances/MI_Crate_01a.uasset" 1232
"C:/Users/period 5/Documents/Unreal Projects/HitAndRun/Content/Construction_VOL1/Materials/Instances/MI_Crate_01a.uexp" 1233
"C:/Users/period 5/Documents/Unreal Projects/HitAndRun/Content/Construction_VOL1/Meshes/SM_Crate_01a.ubulk" 1234
"C:/Users/period 5/Documents/Unreal Projects/HitAndRun/Content/Construction_VOL1/Meshes/SM_Crate_01a.uasset" 1235
"C:/Users/period 5/Documents/Unreal Projects/HitAndRun/Content/Construction_VOL1/Meshes/SM_Crate_01a.uexp" 1236
"C:/Users/period 5/Documents/Unreal Projects/HitAndRun/Content/Construction_VOL1/Textures/Unique/TX_ConstructionFence_01a_RMA.ubulk" 1237
"C:/Users/period 5/Documents/Unreal Projects/HitAndRun/Content/Construction_VOL1/Textures/Unique/TX_ConstructionFence_01a_RMA.uasset" 1238
"C:/Users/period 5/Documents/Unreal Projects/HitAndRun/Content/Construction_VOL1/Textures/Unique/TX_ConstructionFence_01a_RMA.uexp" 1239
"C:/Users/period 5/Documents/Unreal Projects/HitAndRun/Content/Construction_VOL1/Textures/Unique/TX_ConstructionFence_01a_NRM.ubulk" 1240
"C:/Users/period 5/Documents/Unreal Projects/HitAndRun/Content/Construction_VOL1/Textures/Unique/TX_ConstructionFence_01a_NRM.uasset" 1241
"C:/Users/period 5/Documents/Unreal Projects/HitAndRun/Content/Construction_VOL1/Textures/Unique/TX_ConstructionFence_01a_NRM.uexp" 1242
"C:/Users/period 5/Documents/Unreal Projects/HitAndRun/Content/Construction_VOL1/Textures/Unique/TX_ConstructionFence_01a_ALB.ubulk" 1243
"C:/Users/period 5/Documents/Unreal Projects/HitAndRun/Content/Construction_VOL1/Textures/Unique/TX_ConstructionFence_01a_ALB.uasset" 1244
"C:/Users/period 5/Documents/Unreal Projects/HitAndRun/Content/Construction_VOL1/Textures/Unique/TX_ConstructionFence_01a_ALB.uexp" 1245
"C:/Users/period 5/Documents/Unreal Projects/HitAndRun/Content/Construction_VOL1/Materials/Instances/MI_Fence_01a.uasset" 1246
"C:/Users/period 5/Documents/Unreal Projects/HitAndRun/Content/Construction_VOL1/Materials/Instances/MI_Fence_01a.uexp" 1247
"C:/Users/period 5/Documents/Unreal Projects/HitAndRun/Content/Construction_VOL1/Meshes/SM_construction_fence_01a.ubulk" 1248
"C:/Users/period 5/Documents/Unreal Projects/HitAndRun/Content/Construction_VOL1/Meshes/SM_construction_fence_01a.uasset" 1249
"C:/Users/period 5/Documents/Unreal Projects/HitAndRun/Content/Construction_VOL1/Meshes/SM_construction_fence_01a.uexp" 1250
"../../../Engine/Content/EngineMaterials/Grid.ubulk" 1251
"../../../Engine/Content/EngineMaterials/Grid.uasset" 1252
"../../../Engine/Content/EngineMaterials/Grid.uexp" 1253
"../../../Engine/Content/EditorResources/TilePatine_N.ubulk" 1254
"../../../Engine/Content/EditorResources/TilePatine_N.uasset" 1255
"../../../Engine/Content/EditorResources/TilePatine_N.uexp" 1256
"../../../Engine/Content/EditorResources/TilePatine_D.ubulk" 1257
"../../../Engine/Content/EditorResources/TilePatine_D.uasset" 1258
"../../../Engine/Content/EditorResources/TilePatine_D.uexp" 1259
"../../../Engine/Content/EditorMaterials/AntialiasedGridFloor.uasset" 1260
"../../../Engine/Content/EditorMaterials/AntialiasedGridFloor.uexp" 1261
"../../../Engine/Content/EditorMaterials/PersonaFloorMat.uasset" 1262
"../../../Engine/Content/EditorMaterials/PersonaFloorMat.uexp" 1263
"../../../Engine/Content/EditorMaterials/Cloth/CameraLitDoubleSided.uasset" 1264
"../../../Engine/Content/EditorMaterials/Cloth/CameraLitDoubleSided.uexp" 1265
"../../../Engine/Content/BasicShapes/Sphere.ubulk" 1266
"../../../Engine/Content/BasicShapes/Sphere.uasset" 1267
"../../../Engine/Content/BasicShapes/Sphere.uexp" 1268
"../../../Engine/Content/BasicShapes/BasicShapeMaterial.uasset" 1269
"../../../Engine/Content/BasicShapes/BasicShapeMaterial.uexp" 1270
"../../../Engine/Content/VREditor/UI/KeyDiskMaterial.uasset" 1271
"../../../Engine/Content/VREditor/UI/KeyDiskMaterial.uexp" 1272
"../../../Engine/Content/VREditor/UI/DiscMaterial.uasset" 1273
"../../../Engine/Content/VREditor/UI/DiscMaterial.uexp" 1274
"../../../Engine/Plugins/2D/Paper2D/Content/PlaceholderTextures/FlatNormalMap.uasset" 1275
"../../../Engine/Plugins/2D/Paper2D/Content/PlaceholderTextures/FlatNormalMap.uexp" 1276
"../../../Engine/Content/Engine_MI_Shaders/T_Emissive.uasset" 1277
"../../../Engine/Content/Engine_MI_Shaders/T_Emissive.uexp" 1278
"C:/Users/period 5/Documents/Unreal Projects/HitAndRun/Content/TopDownHybrid/Materials/M_CustomLitSprite.uasset" 1279
"C:/Users/period 5/Documents/Unreal Projects/HitAndRun/Content/TopDownHybrid/Materials/M_CustomLitSprite.uexp" 1280
"C:/Users/period 5/Documents/Unreal Projects/HitAndRun/Content/TopDownHybrid/Materials/MI_CustomLitSprite.uasset" 1281
"C:/Users/period 5/Documents/Unreal Projects/HitAndRun/Content/TopDownHybrid/Materials/MI_CustomLitSprite.uexp" 1282
"C:/Users/period 5/Documents/Unreal Projects/HitAndRun/Content/TopDownHybrid/Materials/Images/skid.uasset" 1283
"C:/Users/period 5/Documents/Unreal Projects/HitAndRun/Content/TopDownHybrid/Materials/Images/skid.uexp" 1284
"C:/Users/period 5/Documents/Unreal Projects/HitAndRun/Content/TopDownHybrid/Materials/Images/skid_Mat.uasset" 1285
"C:/Users/period 5/Documents/Unreal Projects/HitAndRun/Content/TopDownHybrid/Materials/Images/skid_Mat.uexp" 1286
"C:/Users/period 5/Documents/Unreal Projects/HitAndRun/Content/TopDownHybrid/FX/Skids.uasset" 1287
"C:/Users/period 5/Documents/Unreal Projects/HitAndRun/Content/TopDownHybrid/FX/Skids.uexp" 1288
"C:/Users/period 5/Documents/Unreal Projects/HitAndRun/Content/TopDownHybrid/Blueprints/Camera_Death_Shaker.uasset" 1289
"C:/Users/period 5/Documents/Unreal Projects/HitAndRun/Content/TopDownHybrid/Blueprints/Camera_Death_Shaker.uexp" 1290
"C:/Users/period 5/Documents/Unreal Projects/HitAndRun/Content/TopDownHybrid/Blueprints/CameraShaker.uasset" 1291
"C:/Users/period 5/Documents/Unreal Projects/HitAndRun/Content/TopDownHybrid/Blueprints/CameraShaker.uexp" 1292
"../../../Engine/Content/EngineMaterials/EditorBrushMaterial.uasset" 1293
"../../../Engine/Content/EngineMaterials/EditorBrushMaterial.uexp" 1294
"../../../Engine/Content/EditorMaterials/Cascade/CASC_ModuleDisable.uasset" 1295
"../../../Engine/Content/EditorMaterials/Cascade/CASC_ModuleDisable.uexp" 1296
"../../../Engine/Content/EditorMaterials/Cascade/CASC_ModuleDisable_MAT.uasset" 1297
"../../../Engine/Content/EditorMaterials/Cascade/CASC_ModuleDisable_MAT.uexp" 1298
"../../../Engine/Plugins/FX/Niagara/Content/DefaultAssets/DefaultSpriteMaterial.uasset" 1299
"../../../Engine/Plugins/FX/Niagara/Content/DefaultAssets/DefaultSpriteMaterial.uexp" 1300
"../../../Engine/Plugins/FX/Niagara/Content/DefaultAssets/DefaultRIbbonMaterial.uasset" 1301
"../../../Engine/Plugins/FX/Niagara/Content/DefaultAssets/DefaultRIbbonMaterial.uexp" 1302
"C:/Users/period 5/Documents/Unreal Projects/HitAndRun/Content/TopDownHybrid/FX/Boss_burst.uasset" 1303
"C:/Users/period 5/Documents/Unreal Projects/HitAndRun/Content/TopDownHybrid/FX/Boss_burst.uexp" 1304
"../../../Engine/Content/EditorMaterials/Cascade/CASC_BackgroundCube_MAT.uasset" 1305
"../../../Engine/Content/EditorMaterials/Cascade/CASC_BackgroundCube_MAT.uexp" 1306
"../../../Engine/Content/EngineMaterials/DefaultCubemap.uasset" 1307
"../../../Engine/Content/EngineMaterials/DefaultCubemap.uexp" 1308
"../../../Engine/Content/EngineMaterials/CubeMaterial.uasset" 1309
"../../../Engine/Content/EngineMaterials/CubeMaterial.uexp" 1310
"C:/Users/period 5/Documents/Unreal Projects/HitAndRun/Content/TopDownHybrid/Materials/Images/Untitled.uasset" 1311
"C:/Users/period 5/Documents/Unreal Projects/HitAndRun/Content/TopDownHybrid/Materials/Images/Untitled.uexp" 1312
"C:/Users/period 5/Documents/Unreal Projects/HitAndRun/Content/TopDownHybrid/Materials/Spray_Mat.uasset" 1313
"C:/Users/period 5/Documents/Unreal Projects/HitAndRun/Content/TopDownHybrid/Materials/Spray_Mat.uexp" 1314
"C:/Users/period 5/Documents/Unreal Projects/HitAndRun/Content/TopDownHybrid/FX/Spray.uasset" 1315
"C:/Users/period 5/Documents/Unreal Projects/HitAndRun/Content/TopDownHybrid/FX/Spray.uexp" 1316
"C:/Users/period 5/Documents/Unreal Projects/HitAndRun/Content/TopDownHybrid/FX/Projectile_burst.uasset" 1317
"C:/Users/period 5/Documents/Unreal Projects/HitAndRun/Content/TopDownHybrid/FX/Projectile_burst.uexp" 1318
"C:/Users/period 5/Documents/Unreal Projects/HitAndRun/Content/TopDownHybrid/Sounds/Sfx/546707__fivebrosstopmosyt__ui-buzzer-4.ubulk" 1319
"C:/Users/period 5/Documents/Unreal Projects/HitAndRun/Content/TopDownHybrid/Sounds/Sfx/546707__fivebrosstopmosyt__ui-buzzer-4.uasset" 1320
"C:/Users/period 5/Documents/Unreal Projects/HitAndRun/Content/TopDownHybrid/Sounds/Sfx/546707__fivebrosstopmosyt__ui-buzzer-4.uexp" 1321
"C:/Users/period 5/Documents/Unreal Projects/HitAndRun/Content/TopDownHybrid/Blueprints/BP_Projectile.uasset" 1322
"C:/Users/period 5/Documents/Unreal Projects/HitAndRun/Content/TopDownHybrid/Blueprints/BP_Projectile.uexp" 1323
"C:/Users/period 5/Documents/Unreal Projects/HitAndRun/Content/TopDownHybrid/Blueprints/BP_ProjectileFly.uasset" 1324
"C:/Users/period 5/Documents/Unreal Projects/HitAndRun/Content/TopDownHybrid/Blueprints/BP_ProjectileFly.uexp" 1325
"C:/Users/period 5/Documents/Unreal Projects/HitAndRun/Content/TopDownHybrid/Sounds/Sfx/teleport_out.ubulk" 1326
"C:/Users/period 5/Documents/Unreal Projects/HitAndRun/Content/TopDownHybrid/Sounds/Sfx/teleport_out.uasset" 1327
"C:/Users/period 5/Documents/Unreal Projects/HitAndRun/Content/TopDownHybrid/Sounds/Sfx/teleport_out.uexp" 1328
"C:/Users/period 5/Documents/Unreal Projects/HitAndRun/Content/TopDownHybrid/Sounds/Sfx/teleport_in.ubulk" 1329
"C:/Users/period 5/Documents/Unreal Projects/HitAndRun/Content/TopDownHybrid/Sounds/Sfx/teleport_in.uasset" 1330
"C:/Users/period 5/Documents/Unreal Projects/HitAndRun/Content/TopDownHybrid/Sounds/Sfx/teleport_in.uexp" 1331
"C:/Users/period 5/Documents/Unreal Projects/HitAndRun/Content/TopDownHybrid/Sounds/Sfx/teleport_cue.ubulk" 1332
"C:/Users/period 5/Documents/Unreal Projects/HitAndRun/Content/TopDownHybrid/Sounds/Sfx/teleport_cue.uasset" 1333
"C:/Users/period 5/Documents/Unreal Projects/HitAndRun/Content/TopDownHybrid/Sounds/Sfx/teleport_cue.uexp" 1334
"C:/Users/period 5/Documents/Unreal Projects/HitAndRun/Content/TopDownHybrid/Sounds/Sfx/herecomeflies.ubulk" 1335
"C:/Users/period 5/Documents/Unreal Projects/HitAndRun/Content/TopDownHybrid/Sounds/Sfx/herecomeflies.uasset" 1336
"C:/Users/period 5/Documents/Unreal Projects/HitAndRun/Content/TopDownHybrid/Sounds/Sfx/herecomeflies.uexp" 1337
"C:/Users/period 5/Documents/Unreal Projects/HitAndRun/Content/TopDownHybrid/Sounds/Sfx/flap-jack-scream.ubulk" 1338
"C:/Users/period 5/Documents/Unreal Projects/HitAndRun/Content/TopDownHybrid/Sounds/Sfx/flap-jack-scream.uasset" 1339
"C:/Users/period 5/Documents/Unreal Projects/HitAndRun/Content/TopDownHybrid/Sounds/Sfx/flap-jack-scream.uexp" 1340
"C:/Users/period 5/Documents/Unreal Projects/HitAndRun/Content/TopDownHybrid/Sounds/Sfx/BubHit2.ubulk" 1341
"C:/Users/period 5/Documents/Unreal Projects/HitAndRun/Content/TopDownHybrid/Sounds/Sfx/BubHit2.uasset" 1342
"C:/Users/period 5/Documents/Unreal Projects/HitAndRun/Content/TopDownHybrid/Sounds/Sfx/BubHit2.uexp" 1343
"C:/Users/period 5/Documents/Unreal Projects/HitAndRun/Content/TopDownHybrid/Sounds/Sfx/Bubhit_Cue.uasset" 1344
"C:/Users/period 5/Documents/Unreal Projects/HitAndRun/Content/TopDownHybrid/Sounds/Sfx/Bubhit_Cue.uexp" 1345
"C:/Users/period 5/Documents/Unreal Projects/HitAndRun/Content/TopDownHybrid/Sounds/Sfx/BubATT2.ubulk" 1346
"C:/Users/period 5/Documents/Unreal Projects/HitAndRun/Content/TopDownHybrid/Sounds/Sfx/BubATT2.uasset" 1347
"C:/Users/period 5/Documents/Unreal Projects/HitAndRun/Content/TopDownHybrid/Sounds/Sfx/BubATT2.uexp" 1348
"C:/Users/period 5/Documents/Unreal Projects/HitAndRun/Content/TopDownHybrid/Sounds/Sfx/BubATT4.ubulk" 1349
"C:/Users/period 5/Documents/Unreal Projects/HitAndRun/Content/TopDownHybrid/Sounds/Sfx/BubATT4.uasset" 1350
"C:/Users/period 5/Documents/Unreal Projects/HitAndRun/Content/TopDownHybrid/Sounds/Sfx/BubATT4.uexp" 1351
"C:/Users/period 5/Documents/Unreal Projects/HitAndRun/Content/TopDownHybrid/Sounds/Sfx/BubATT_Cue.uasset" 1352
"C:/Users/period 5/Documents/Unreal Projects/HitAndRun/Content/TopDownHybrid/Sounds/Sfx/BubATT_Cue.uexp" 1353
"C:/Users/period 5/Documents/Unreal Projects/HitAndRun/Content/TopDownHybrid/Sounds/Sfx/BubATT3.ubulk" 1354
"C:/Users/period 5/Documents/Unreal Projects/HitAndRun/Content/TopDownHybrid/Sounds/Sfx/BubATT3.uasset" 1355
"C:/Users/period 5/Documents/Unreal Projects/HitAndRun/Content/TopDownHybrid/Sounds/Sfx/BubATT3.uexp" 1356
"C:/Users/period 5/Documents/Unreal Projects/HitAndRun/Content/TopDownHybrid/Sounds/Sfx/BubATT1.ubulk" 1357
"C:/Users/period 5/Documents/Unreal Projects/HitAndRun/Content/TopDownHybrid/Sounds/Sfx/BubATT1.uasset" 1358
"C:/Users/period 5/Documents/Unreal Projects/HitAndRun/Content/TopDownHybrid/Sounds/Sfx/BubATT1.uexp" 1359
"C:/Users/period 5/Documents/Unreal Projects/HitAndRun/Content/TopDownHybrid/Sounds/Sfx/bigger_charge.ubulk" 1360
"C:/Users/period 5/Documents/Unreal Projects/HitAndRun/Content/TopDownHybrid/Sounds/Sfx/bigger_charge.uasset" 1361
"C:/Users/period 5/Documents/Unreal Projects/HitAndRun/Content/TopDownHybrid/Sounds/Sfx/bigger_charge.uexp" 1362
"C:/Users/period 5/Documents/Unreal Projects/HitAndRun/Content/TopDownHybrid/Sounds/Sfx/545841__wax_vibe__neuro-sound-modulation.ubulk" 1363
"C:/Users/period 5/Documents/Unreal Projects/HitAndRun/Content/TopDownHybrid/Sounds/Sfx/545841__wax_vibe__neuro-sound-modulation.uasset" 1364
"C:/Users/period 5/Documents/Unreal Projects/HitAndRun/Content/TopDownHybrid/Sounds/Sfx/545841__wax_vibe__neuro-sound-modulation.uexp" 1365
"../../../Engine/Plugins/2D/Paper2D/Content/TranslucentUnlitSpriteMaterial.uasset" 1366
"../../../Engine/Plugins/2D/Paper2D/Content/TranslucentUnlitSpriteMaterial.uexp" 1367
"C:/Users/period 5/Documents/Unreal Projects/HitAndRun/Content/PaperAssets/Boss/IMG_8053-ezgif_com-gif-to-sprite-converter.uasset" 1368
"C:/Users/period 5/Documents/Unreal Projects/HitAndRun/Content/PaperAssets/Boss/IMG_8053-ezgif_com-gif-to-sprite-converter.uexp" 1369
"C:/Users/period 5/Documents/Unreal Projects/HitAndRun/Content/PaperAssets/Boss/IMG_8053-ezgif_com-gif-to-sprite-converter_Sprite_7.uasset" 1370
"C:/Users/period 5/Documents/Unreal Projects/HitAndRun/Content/PaperAssets/Boss/IMG_8053-ezgif_com-gif-to-sprite-converter_Sprite_7.uexp" 1371
"C:/Users/period 5/Documents/Unreal Projects/HitAndRun/Content/PaperAssets/Boss/Boss_Idle.uasset" 1372
"C:/Users/period 5/Documents/Unreal Projects/HitAndRun/Content/PaperAssets/Boss/Boss_Idle.uexp" 1373
"C:/Users/period 5/Documents/Unreal Projects/HitAndRun/Content/PaperAssets/Boss/AS_Boss.uasset" 1374
"C:/Users/period 5/Documents/Unreal Projects/HitAndRun/Content/PaperAssets/Boss/AS_Boss.uexp" 1375
"C:/Users/period 5/Documents/Unreal Projects/HitAndRun/Content/PaperAssets/Boss/IMG_8053-ezgif_com-gif-to-sprite-converter_Sprite_4.uasset" 1376
"C:/Users/period 5/Documents/Unreal Projects/HitAndRun/Content/PaperAssets/Boss/IMG_8053-ezgif_com-gif-to-sprite-converter_Sprite_4.uexp" 1377
"C:/Users/period 5/Documents/Unreal Projects/HitAndRun/Content/PaperAssets/Boss/IMG_8053-ezgif_com-gif-to-sprite-converter_Sprite_5.uasset" 1378
"C:/Users/period 5/Documents/Unreal Projects/HitAndRun/Content/PaperAssets/Boss/IMG_8053-ezgif_com-gif-to-sprite-converter_Sprite_5.uexp" 1379
"C:/Users/period 5/Documents/Unreal Projects/HitAndRun/Content/PaperAssets/Boss/IMG_8053-ezgif_com-gif-to-sprite-converter_Sprite_6.uasset" 1380
"C:/Users/period 5/Documents/Unreal Projects/HitAndRun/Content/PaperAssets/Boss/IMG_8053-ezgif_com-gif-to-sprite-converter_Sprite_6.uexp" 1381
"C:/Users/period 5/Documents/Unreal Projects/HitAndRun/Content/PaperAssets/Boss/Boss_Teleport.uasset" 1382
"C:/Users/period 5/Documents/Unreal Projects/HitAndRun/Content/PaperAssets/Boss/Boss_Teleport.uexp" 1383
"C:/Users/period 5/Documents/Unreal Projects/HitAndRun/Content/PaperAssets/Boss/AnimSequences/Boss_Teleport.uasset" 1384
"C:/Users/period 5/Documents/Unreal Projects/HitAndRun/Content/PaperAssets/Boss/AnimSequences/Boss_Teleport.uexp" 1385
"C:/Users/period 5/Documents/Unreal Projects/HitAndRun/Content/PaperAssets/Boss/IMG_8053-ezgif_com-gif-to-sprite-converter_Sprite_8.uasset" 1386
"C:/Users/period 5/Documents/Unreal Projects/HitAndRun/Content/PaperAssets/Boss/IMG_8053-ezgif_com-gif-to-sprite-converter_Sprite_8.uexp" 1387
"C:/Users/period 5/Documents/Unreal Projects/HitAndRun/Content/PaperAssets/Boss/Boss_RightATT.uasset" 1388
"C:/Users/period 5/Documents/Unreal Projects/HitAndRun/Content/PaperAssets/Boss/Boss_RightATT.uexp" 1389
"C:/Users/period 5/Documents/Unreal Projects/HitAndRun/Content/PaperAssets/Boss/AnimSequences/Boss_RightATT.uasset" 1390
"C:/Users/period 5/Documents/Unreal Projects/HitAndRun/Content/PaperAssets/Boss/AnimSequences/Boss_RightATT.uexp" 1391
"C:/Users/period 5/Documents/Unreal Projects/HitAndRun/Content/PaperAssets/Boss/IMG_8053-ezgif_com-gif-to-sprite-converter_Sprite_10.uasset" 1392
"C:/Users/period 5/Documents/Unreal Projects/HitAndRun/Content/PaperAssets/Boss/IMG_8053-ezgif_com-gif-to-sprite-converter_Sprite_10.uexp" 1393
"C:/Users/period 5/Documents/Unreal Projects/HitAndRun/Content/PaperAssets/Boss/Boss_LeftATT.uasset" 1394
"C:/Users/period 5/Documents/Unreal Projects/HitAndRun/Content/PaperAssets/Boss/Boss_LeftATT.uexp" 1395
"C:/Users/period 5/Documents/Unreal Projects/HitAndRun/Content/PaperAssets/Boss/AnimSequences/Boss_LEftATT.uasset" 1396
"C:/Users/period 5/Documents/Unreal Projects/HitAndRun/Content/PaperAssets/Boss/AnimSequences/Boss_LEftATT.uexp" 1397
"C:/Users/period 5/Documents/Unreal Projects/HitAndRun/Content/PaperAssets/Boss/AnimSequences/Boss_Idle.uasset" 1398
"C:/Users/period 5/Documents/Unreal Projects/HitAndRun/Content/PaperAssets/Boss/AnimSequences/Boss_Idle.uexp" 1399
"C:/Users/period 5/Documents/Unreal Projects/HitAndRun/Content/PaperAssets/Boss/IMG_8053-ezgif_com-gif-to-sprite-converter_Sprite_2.uasset" 1400
"C:/Users/period 5/Documents/Unreal Projects/HitAndRun/Content/PaperAssets/Boss/IMG_8053-ezgif_com-gif-to-sprite-converter_Sprite_2.uexp" 1401
"C:/Users/period 5/Documents/Unreal Projects/HitAndRun/Content/PaperAssets/Boss/IMG_8053-ezgif_com-gif-to-sprite-converter_Sprite_3.uasset" 1402
"C:/Users/period 5/Documents/Unreal Projects/HitAndRun/Content/PaperAssets/Boss/IMG_8053-ezgif_com-gif-to-sprite-converter_Sprite_3.uexp" 1403
"C:/Users/period 5/Documents/Unreal Projects/HitAndRun/Content/PaperAssets/Boss/Boss_FinalATT.uasset" 1404
"C:/Users/period 5/Documents/Unreal Projects/HitAndRun/Content/PaperAssets/Boss/Boss_FinalATT.uexp" 1405
"C:/Users/period 5/Documents/Unreal Projects/HitAndRun/Content/PaperAssets/Boss/AnimSequences/Boss_FinalATT.uasset" 1406
"C:/Users/period 5/Documents/Unreal Projects/HitAndRun/Content/PaperAssets/Boss/AnimSequences/Boss_FinalATT.uexp" 1407
"C:/Users/period 5/Documents/Unreal Projects/HitAndRun/Content/PaperAssets/Boss/IMG_8053-ezgif_com-gif-to-sprite-converter_Sprite_11.uasset" 1408
"C:/Users/period 5/Documents/Unreal Projects/HitAndRun/Content/PaperAssets/Boss/IMG_8053-ezgif_com-gif-to-sprite-converter_Sprite_11.uexp" 1409
"C:/Users/period 5/Documents/Unreal Projects/HitAndRun/Content/PaperAssets/Boss/Boss_DMG.uasset" 1410
"C:/Users/period 5/Documents/Unreal Projects/HitAndRun/Content/PaperAssets/Boss/Boss_DMG.uexp" 1411
"C:/Users/period 5/Documents/Unreal Projects/HitAndRun/Content/PaperAssets/Boss/AnimSequences/Boss_DMG.uasset" 1412
"C:/Users/period 5/Documents/Unreal Projects/HitAndRun/Content/PaperAssets/Boss/AnimSequences/Boss_DMG.uexp" 1413
"C:/Users/period 5/Documents/Unreal Projects/HitAndRun/Content/PaperAssets/Boss/IMG_8053-ezgif_com-gif-to-sprite-converter_Sprite_0.uasset" 1414
"C:/Users/period 5/Documents/Unreal Projects/HitAndRun/Content/PaperAssets/Boss/IMG_8053-ezgif_com-gif-to-sprite-converter_Sprite_0.uexp" 1415
"C:/Users/period 5/Documents/Unreal Projects/HitAndRun/Content/PaperAssets/Boss/IMG_8053-ezgif_com-gif-to-sprite-converter_Sprite_1.uasset" 1416
"C:/Users/period 5/Documents/Unreal Projects/HitAndRun/Content/PaperAssets/Boss/IMG_8053-ezgif_com-gif-to-sprite-converter_Sprite_1.uexp" 1417
"C:/Users/period 5/Documents/Unreal Projects/HitAndRun/Content/PaperAssets/Boss/Boss_BigATT.uasset" 1418
"C:/Users/period 5/Documents/Unreal Projects/HitAndRun/Content/PaperAssets/Boss/Boss_BigATT.uexp" 1419
"C:/Users/period 5/Documents/Unreal Projects/HitAndRun/Content/PaperAssets/Boss/AnimSequences/Boss_BigATT.uasset" 1420
"C:/Users/period 5/Documents/Unreal Projects/HitAndRun/Content/PaperAssets/Boss/AnimSequences/Boss_BigATT.uexp" 1421
"C:/Users/period 5/Documents/Unreal Projects/HitAndRun/Content/PaperAssets/Boss/ABP_Boss.uasset" 1422
"C:/Users/period 5/Documents/Unreal Projects/HitAndRun/Content/PaperAssets/Boss/ABP_Boss.uexp" 1423
"C:/Users/period 5/Documents/Unreal Projects/HitAndRun/Content/TopDownHybrid/Blueprints/Boss.uasset" 1424
"C:/Users/period 5/Documents/Unreal Projects/HitAndRun/Content/TopDownHybrid/Blueprints/Boss.uexp" 1425
"C:/Users/period 5/Documents/Unreal Projects/HitAndRun/Content/Movies/End_Cutscene.uasset" 1426
"C:/Users/period 5/Documents/Unreal Projects/HitAndRun/Content/Movies/End_Cutscene.uexp" 1427
"C:/Users/period 5/Documents/Unreal Projects/HitAndRun/Content/Movies/bytertide.uasset" 1428
"C:/Users/period 5/Documents/Unreal Projects/HitAndRun/Content/Movies/bytertide.uexp" 1429
"C:/Users/period 5/Documents/Unreal Projects/HitAndRun/Content/TopDownHybrid/Materials/Images/speedometer3.uasset" 1430
"C:/Users/period 5/Documents/Unreal Projects/HitAndRun/Content/TopDownHybrid/Materials/Images/speedometer3.uexp" 1431
"C:/Users/period 5/Documents/Unreal Projects/HitAndRun/Content/TopDownHybrid/Materials/Images/speedometer1.uasset" 1432
"C:/Users/period 5/Documents/Unreal Projects/HitAndRun/Content/TopDownHybrid/Materials/Images/speedometer1.uexp" 1433
"C:/Users/period 5/Documents/Unreal Projects/HitAndRun/Content/TopDownHybrid/Materials/Images/life_counter_2.uasset" 1434
"C:/Users/period 5/Documents/Unreal Projects/HitAndRun/Content/TopDownHybrid/Materials/Images/life_counter_2.uexp" 1435
"C:/Users/period 5/Documents/Unreal Projects/HitAndRun/Content/TopDownHybrid/Blueprints/Widgets/WB_Life.uasset" 1436
"C:/Users/period 5/Documents/Unreal Projects/HitAndRun/Content/TopDownHybrid/Blueprints/Widgets/WB_Life.uexp" 1437
"C:/Users/period 5/Documents/Unreal Projects/HitAndRun/Content/TopDownHybrid/Blueprints/Save_High_Score.uasset" 1438
"C:/Users/period 5/Documents/Unreal Projects/HitAndRun/Content/TopDownHybrid/Blueprints/Save_High_Score.uexp" 1439
"C:/Users/period 5/Documents/Unreal Projects/HitAndRun/Content/TopDownHybrid/Blueprints/GM_Hybrid.uasset" 1440
"C:/Users/period 5/Documents/Unreal Projects/HitAndRun/Content/TopDownHybrid/Blueprints/GM_Hybrid.uexp" 1441
"../../../Engine/Content/VREditor/Sounds/UI/Flashlight_Switch.ubulk" 1442
"../../../Engine/Content/VREditor/Sounds/UI/Flashlight_Switch.uasset" 1443
"../../../Engine/Content/VREditor/Sounds/UI/Flashlight_Switch.uexp" 1444
"C:/Users/period 5/Documents/Unreal Projects/HitAndRun/Content/TopDownHybrid/Sounds/Music/Win.ubulk" 1445
"C:/Users/period 5/Documents/Unreal Projects/HitAndRun/Content/TopDownHybrid/Sounds/Music/Win.uasset" 1446
"C:/Users/period 5/Documents/Unreal Projects/HitAndRun/Content/TopDownHybrid/Sounds/Music/Win.uexp" 1447
"C:/Users/period 5/Documents/Unreal Projects/HitAndRun/Content/TopDownHybrid/Sounds/Music/Negative_Profits.ubulk" 1448
"C:/Users/period 5/Documents/Unreal Projects/HitAndRun/Content/TopDownHybrid/Sounds/Music/Negative_Profits.uasset" 1449
"C:/Users/period 5/Documents/Unreal Projects/HitAndRun/Content/TopDownHybrid/Sounds/Music/Negative_Profits.uexp" 1450
"C:/Users/period 5/Documents/Unreal Projects/HitAndRun/Content/TopDownHybrid/Materials/Images/Retry.uasset" 1451
"C:/Users/period 5/Documents/Unreal Projects/HitAndRun/Content/TopDownHybrid/Materials/Images/Retry.uexp" 1452
"C:/Users/period 5/Documents/Unreal Projects/HitAndRun/Content/TopDownHybrid/Materials/Images/Menu.uasset" 1453
"C:/Users/period 5/Documents/Unreal Projects/HitAndRun/Content/TopDownHybrid/Materials/Images/Menu.uexp" 1454
"C:/Users/period 5/Documents/Unreal Projects/HitAndRun/Content/TopDownHybrid/Materials/Images/arrwos.uasset" 1455
"C:/Users/period 5/Documents/Unreal Projects/HitAndRun/Content/TopDownHybrid/Materials/Images/arrwos.uexp" 1456
"C:/Users/period 5/Documents/Unreal Projects/HitAndRun/Content/TopDownHybrid/Materials/Fonts/PublicPixel-rv0pA.uexp" 1457
"C:/Users/period 5/Documents/Unreal Projects/HitAndRun/Content/TopDownHybrid/Materials/Fonts/PublicPixel-rv0pA.uasset" 1458
"C:/Users/period 5/Documents/Unreal Projects/HitAndRun/Content/TopDownHybrid/Materials/Fonts/PublicPixel-rv0pA.ufont" 1459
"C:/Users/period 5/Documents/Unreal Projects/HitAndRun/Content/TopDownHybrid/Materials/Fonts/PublicPixel-rv0pA_Font.uasset" 1460
"C:/Users/period 5/Documents/Unreal Projects/HitAndRun/Content/TopDownHybrid/Materials/Fonts/PublicPixel-rv0pA_Font.uexp" 1461
"C:/Users/period 5/Documents/Unreal Projects/HitAndRun/Content/TopDownHybrid/Blueprints/Widgets/WB_Game_Over.uasset" 1462
"C:/Users/period 5/Documents/Unreal Projects/HitAndRun/Content/TopDownHybrid/Blueprints/Widgets/WB_Game_Over.uexp" 1463
"C:/Users/period 5/Documents/Unreal Projects/HitAndRun/Content/TopDownHybrid/Blueprints/Widgets/WB_UI.uasset" 1464
"C:/Users/period 5/Documents/Unreal Projects/HitAndRun/Content/TopDownHybrid/Blueprints/Widgets/WB_UI.uexp" 1465
"../../../Engine/Content/EngineMaterials/ColorGradingWheelGradient.uasset" 1466
"../../../Engine/Content/EngineMaterials/ColorGradingWheelGradient.uexp" 1467
"../../../Engine/Content/EngineMaterials/ColorGradingWheelBackground.uasset" 1468
"../../../Engine/Content/EngineMaterials/ColorGradingWheelBackground.uexp" 1469
"../../../Engine/Content/EngineMaterials/ColorGradingWheel.uasset" 1470
"../../../Engine/Content/EngineMaterials/ColorGradingWheel.uexp" 1471
"C:/Users/period 5/Documents/Unreal Projects/HitAndRun/Content/TopDownHybrid/Blueprints/Powerups/BP_Super_Powerup.uasset" 1472
"C:/Users/period 5/Documents/Unreal Projects/HitAndRun/Content/TopDownHybrid/Blueprints/Powerups/BP_Super_Powerup.uexp" 1473
"C:/Users/period 5/Documents/Unreal Projects/HitAndRun/Content/PaperAssets/Mannequin/Textures/Mannequin.uasset" 1474
"C:/Users/period 5/Documents/Unreal Projects/HitAndRun/Content/PaperAssets/Mannequin/Textures/Mannequin.uexp" 1475
"C:/Users/period 5/Documents/Unreal Projects/HitAndRun/Content/PaperAssets/Mannequin/Textures/Mannequin_n.uasset" 1476
"C:/Users/period 5/Documents/Unreal Projects/HitAndRun/Content/PaperAssets/Mannequin/Textures/Mannequin_n.uexp" 1477
"C:/Users/period 5/Documents/Unreal Projects/HitAndRun/Content/PaperAssets/Mannequin/Textures/Mannequin_e.uasset" 1478
"C:/Users/period 5/Documents/Unreal Projects/HitAndRun/Content/PaperAssets/Mannequin/Textures/Mannequin_e.uexp" 1479
"C:/Users/period 5/Documents/Unreal Projects/HitAndRun/Content/PaperAssets/Mannequin/Frames/Mannequin__Idle_D_0_aseprite.uasset" 1480
"C:/Users/period 5/Documents/Unreal Projects/HitAndRun/Content/PaperAssets/Mannequin/Frames/Mannequin__Idle_D_0_aseprite.uexp" 1481
"C:/Users/period 5/Documents/Unreal Projects/HitAndRun/Content/PaperAssets/Mannequin/Frames/Mannequin__Idle_D_1_aseprite.uasset" 1482
"C:/Users/period 5/Documents/Unreal Projects/HitAndRun/Content/PaperAssets/Mannequin/Frames/Mannequin__Idle_D_1_aseprite.uexp" 1483
"C:/Users/period 5/Documents/Unreal Projects/HitAndRun/Content/PaperAssets/Mannequin/Frames/Mannequin__Idle_D_2_aseprite.uasset" 1484
"C:/Users/period 5/Documents/Unreal Projects/HitAndRun/Content/PaperAssets/Mannequin/Frames/Mannequin__Idle_D_2_aseprite.uexp" 1485
"C:/Users/period 5/Documents/Unreal Projects/HitAndRun/Content/PaperAssets/Mannequin/Frames/Mannequin__Idle_D_3_aseprite.uasset" 1486
"C:/Users/period 5/Documents/Unreal Projects/HitAndRun/Content/PaperAssets/Mannequin/Frames/Mannequin__Idle_D_3_aseprite.uexp" 1487
"C:/Users/period 5/Documents/Unreal Projects/HitAndRun/Content/PaperAssets/Mannequin/Mannequin__Idle_D.uasset" 1488
"C:/Users/period 5/Documents/Unreal Projects/HitAndRun/Content/PaperAssets/Mannequin/Mannequin__Idle_D.uexp" 1489
"../../../Engine/Plugins/FX/Niagara/Content/VectorFields/Assets/TilingCurl32.uasset" 1490
"../../../Engine/Plugins/FX/Niagara/Content/VectorFields/Assets/TilingCurl32.uexp" 1491
"C:/Users/period 5/Documents/Unreal Projects/HitAndRun/Content/Magic_Downpour_VFX/Texture/T_Shape_6.ubulk" 1492
"C:/Users/period 5/Documents/Unreal Projects/HitAndRun/Content/Magic_Downpour_VFX/Texture/T_Shape_6.uasset" 1493
"C:/Users/period 5/Documents/Unreal Projects/HitAndRun/Content/Magic_Downpour_VFX/Texture/T_Shape_6.uexp" 1494
"C:/Users/period 5/Documents/Unreal Projects/HitAndRun/Content/Magic_Downpour_VFX/Texture/T_Shape_13.ubulk" 1495
"C:/Users/period 5/Documents/Unreal Projects/HitAndRun/Content/Magic_Downpour_VFX/Texture/T_Shape_13.uasset" 1496
"C:/Users/period 5/Documents/Unreal Projects/HitAndRun/Content/Magic_Downpour_VFX/Texture/T_Shape_13.uexp" 1497
"C:/Users/period 5/Documents/Unreal Projects/HitAndRun/Content/Magic_Downpour_VFX/Texture/T_Noise_3.ubulk" 1498
"C:/Users/period 5/Documents/Unreal Projects/HitAndRun/Content/Magic_Downpour_VFX/Texture/T_Noise_3.uasset" 1499
"C:/Users/period 5/Documents/Unreal Projects/HitAndRun/Content/Magic_Downpour_VFX/Texture/T_Noise_3.uexp" 1500
"C:/Users/period 5/Documents/Unreal Projects/HitAndRun/Content/Magic_Downpour_VFX/Texture/T_Noise_4.ubulk" 1501
"C:/Users/period 5/Documents/Unreal Projects/HitAndRun/Content/Magic_Downpour_VFX/Texture/T_Noise_4.uasset" 1502
"C:/Users/period 5/Documents/Unreal Projects/HitAndRun/Content/Magic_Downpour_VFX/Texture/T_Noise_4.uexp" 1503
"C:/Users/period 5/Documents/Unreal Projects/HitAndRun/Content/Magic_Downpour_VFX/Texture/Offset_Curve.uasset" 1504
"C:/Users/period 5/Documents/Unreal Projects/HitAndRun/Content/Magic_Downpour_VFX/Texture/Offset_Curve.uexp" 1505
"C:/Users/period 5/Documents/Unreal Projects/HitAndRun/Content/Magic_Downpour_VFX/Texture/Offset.uasset" 1506
"C:/Users/period 5/Documents/Unreal Projects/HitAndRun/Content/Magic_Downpour_VFX/Texture/Offset.uexp" 1507
"C:/Users/period 5/Documents/Unreal Projects/HitAndRun/Content/Magic_Downpour_VFX/Texture/Mask_Lightning.uasset" 1508
"C:/Users/period 5/Documents/Unreal Projects/HitAndRun/Content/Magic_Downpour_VFX/Texture/Mask_Lightning.uexp" 1509
"C:/Users/period 5/Documents/Unreal Projects/HitAndRun/Content/Magic_Downpour_VFX/Texture/Mask_Curve.uasset" 1510
"C:/Users/period 5/Documents/Unreal Projects/HitAndRun/Content/Magic_Downpour_VFX/Texture/Mask_Curve.uexp" 1511
"C:/Users/period 5/Documents/Unreal Projects/HitAndRun/Content/Magic_Downpour_VFX/Texture/Mask_2_Lightning.uasset" 1512
"C:/Users/period 5/Documents/Unreal Projects/HitAndRun/Content/Magic_Downpour_VFX/Texture/Mask_2_Lightning.uexp" 1513
"C:/Users/period 5/Documents/Unreal Projects/HitAndRun/Content/Magic_Downpour_VFX/Texture/Mask.uasset" 1514
"C:/Users/period 5/Documents/Unreal Projects/HitAndRun/Content/Magic_Downpour_VFX/Texture/Mask.uexp" 1515
"C:/Users/period 5/Documents/Unreal Projects/HitAndRun/Content/Magic_Downpour_VFX/Texture/Curve_Color_1.uasset" 1516
"C:/Users/period 5/Documents/Unreal Projects/HitAndRun/Content/Magic_Downpour_VFX/Texture/Curve_Color_1.uexp" 1517
"C:/Users/period 5/Documents/Unreal Projects/HitAndRun/Content/Magic_Downpour_VFX/Texture/Curve_Color_2.uasset" 1518
"C:/Users/period 5/Documents/Unreal Projects/HitAndRun/Content/Magic_Downpour_VFX/Texture/Curve_Color_2.uexp" 1519
"C:/Users/period 5/Documents/Unreal Projects/HitAndRun/Content/Magic_Downpour_VFX/Texture/Curve_Color_3.uasset" 1520
"C:/Users/period 5/Documents/Unreal Projects/HitAndRun/Content/Magic_Downpour_VFX/Texture/Curve_Color_3.uexp" 1521
"C:/Users/period 5/Documents/Unreal Projects/HitAndRun/Content/Magic_Downpour_VFX/Texture/Curve_Color_4.uasset" 1522
"C:/Users/period 5/Documents/Unreal Projects/HitAndRun/Content/Magic_Downpour_VFX/Texture/Curve_Color_4.uexp" 1523
"C:/Users/period 5/Documents/Unreal Projects/HitAndRun/Content/Magic_Downpour_VFX/Texture/Curve_Color_5.uasset" 1524
"C:/Users/period 5/Documents/Unreal Projects/HitAndRun/Content/Magic_Downpour_VFX/Texture/Curve_Color_5.uexp" 1525
"C:/Users/period 5/Documents/Unreal Projects/HitAndRun/Content/Magic_Downpour_VFX/Texture/Curve_Color_6.uasset" 1526
"C:/Users/period 5/Documents/Unreal Projects/HitAndRun/Content/Magic_Downpour_VFX/Texture/Curve_Color_6.uexp" 1527
"C:/Users/period 5/Documents/Unreal Projects/HitAndRun/Content/Magic_Downpour_VFX/Texture/Curve_Color_7.uasset" 1528
"C:/Users/period 5/Documents/Unreal Projects/HitAndRun/Content/Magic_Downpour_VFX/Texture/Curve_Color_7.uexp" 1529
"C:/Users/period 5/Documents/Unreal Projects/HitAndRun/Content/Magic_Downpour_VFX/Texture/T_Curve_Atlas.uasset" 1530
"C:/Users/period 5/Documents/Unreal Projects/HitAndRun/Content/Magic_Downpour_VFX/Texture/T_Curve_Atlas.uexp" 1531
"../../../Engine/Content/Functions/Engine_MaterialFunctions01/Density/ExponentialDensity.uasset" 1532
"../../../Engine/Content/Functions/Engine_MaterialFunctions01/Density/ExponentialDensity.uexp" 1533
"../../../Engine/Content/Functions/Engine_MaterialFunctions01/Gradient/RadialGradientExponential.uasset" 1534
"../../../Engine/Content/Functions/Engine_MaterialFunctions01/Gradient/RadialGradientExponential.uexp" 1535
"../../../Engine/Content/Functions/Engine_MaterialFunctions01/WorldPositionOffset/SimpleGrassWind.uasset" 1536
"../../../Engine/Content/Functions/Engine_MaterialFunctions01/WorldPositionOffset/SimpleGrassWind.uexp" 1537
"C:/Users/period 5/Documents/Unreal Projects/HitAndRun/Content/Magic_Downpour_VFX/Materials/Main_Materials/M_Colorful.uasset" 1538
"C:/Users/period 5/Documents/Unreal Projects/HitAndRun/Content/Magic_Downpour_VFX/Materials/Main_Materials/M_Colorful.uexp" 1539
"C:/Users/period 5/Documents/Unreal Projects/HitAndRun/Content/Magic_Downpour_VFX/Materials/Instance_Materials/MI_Colorful_Inst_7.uasset" 1540
"C:/Users/period 5/Documents/Unreal Projects/HitAndRun/Content/Magic_Downpour_VFX/Materials/Instance_Materials/MI_Colorful_Inst_7.uexp" 1541
"C:/Users/period 5/Documents/Unreal Projects/HitAndRun/Content/Magic_Downpour_VFX/Texture/T_Shape_11.ubulk" 1542
"C:/Users/period 5/Documents/Unreal Projects/HitAndRun/Content/Magic_Downpour_VFX/Texture/T_Shape_11.uasset" 1543
"C:/Users/period 5/Documents/Unreal Projects/HitAndRun/Content/Magic_Downpour_VFX/Texture/T_Shape_11.uexp" 1544
"C:/Users/period 5/Documents/Unreal Projects/HitAndRun/Content/Magic_Downpour_VFX/Materials/Instance_Materials/MI_Colorful_Inst_14.uasset" 1545
"C:/Users/period 5/Documents/Unreal Projects/HitAndRun/Content/Magic_Downpour_VFX/Materials/Instance_Materials/MI_Colorful_Inst_14.uexp" 1546
"C:/Users/period 5/Documents/Unreal Projects/HitAndRun/Content/Magic_Downpour_VFX/Texture/T_Noise_2.ubulk" 1547
"C:/Users/period 5/Documents/Unreal Projects/HitAndRun/Content/Magic_Downpour_VFX/Texture/T_Noise_2.uasset" 1548
"C:/Users/period 5/Documents/Unreal Projects/HitAndRun/Content/Magic_Downpour_VFX/Texture/T_Noise_2.uexp" 1549
"../../../Engine/Content/Functions/Engine_MaterialFunctions01/Gradient/SphereGradient-2D.uasset" 1550
"../../../Engine/Content/Functions/Engine_MaterialFunctions01/Gradient/SphereGradient-2D.uexp" 1551
"C:/Users/period 5/Documents/Unreal Projects/HitAndRun/Content/Magic_Downpour_VFX/Materials/Main_Materials/M_Flare.uasset" 1552
"C:/Users/period 5/Documents/Unreal Projects/HitAndRun/Content/Magic_Downpour_VFX/Materials/Main_Materials/M_Flare.uexp" 1553
"C:/Users/period 5/Documents/Unreal Projects/HitAndRun/Content/Magic_Downpour_VFX/Materials/Instance_Materials/MI_Flare_Inst_2.uasset" 1554
"C:/Users/period 5/Documents/Unreal Projects/HitAndRun/Content/Magic_Downpour_VFX/Materials/Instance_Materials/MI_Flare_Inst_2.uexp" 1555
"C:/Users/period 5/Documents/Unreal Projects/HitAndRun/Content/Magic_Downpour_VFX/Materials/Instance_Materials/MI_Flare_Inst_4.uasset" 1556
"C:/Users/period 5/Documents/Unreal Projects/HitAndRun/Content/Magic_Downpour_VFX/Materials/Instance_Materials/MI_Flare_Inst_4.uexp" 1557
"C:/Users/period 5/Documents/Unreal Projects/HitAndRun/Content/Magic_Downpour_VFX/VFX/Magic_Downpour_VFX/NS_Magic_Downpour_Wizard_Staff_End.uasset" 1558
"C:/Users/period 5/Documents/Unreal Projects/HitAndRun/Content/Magic_Downpour_VFX/VFX/Magic_Downpour_VFX/NS_Magic_Downpour_Wizard_Staff_End.uexp" 1559
"../../../Engine/Content/Functions/Engine_MaterialFunctions02/Texturing/CustomRotator.uasset" 1560
"../../../Engine/Content/Functions/Engine_MaterialFunctions02/Texturing/CustomRotator.uexp" 1561
"C:/Users/period 5/Documents/Unreal Projects/HitAndRun/Content/Fire_EXP_Vol01_Free/Texture/T_DefaultWhite.uasset" 1562
"C:/Users/period 5/Documents/Unreal Projects/HitAndRun/Content/Fire_EXP_Vol01_Free/Texture/T_DefaultWhite.uexp" 1563
"C:/Users/period 5/Documents/Unreal Projects/HitAndRun/Content/Fire_EXP_Vol01_Free/Material/MF/MF_UV.uasset" 1564
"C:/Users/period 5/Documents/Unreal Projects/HitAndRun/Content/Fire_EXP_Vol01_Free/Material/MF/MF_UV.uexp" 1565
"C:/Users/period 5/Documents/Unreal Projects/HitAndRun/Content/Fire_EXP_Vol01_Free/Material/M_Additive_Master.uasset" 1566
"C:/Users/period 5/Documents/Unreal Projects/HitAndRun/Content/Fire_EXP_Vol01_Free/Material/M_Additive_Master.uexp" 1567
"C:/Users/period 5/Documents/Unreal Projects/HitAndRun/Content/Fire_EXP_Vol01_Free/Texture/Spark/T_Spark_Round_001.ubulk" 1568
"C:/Users/period 5/Documents/Unreal Projects/HitAndRun/Content/Fire_EXP_Vol01_Free/Texture/Spark/T_Spark_Round_001.uasset" 1569
"C:/Users/period 5/Documents/Unreal Projects/HitAndRun/Content/Fire_EXP_Vol01_Free/Texture/Spark/T_Spark_Round_001.uexp" 1570
"C:/Users/period 5/Documents/Unreal Projects/HitAndRun/Content/Fire_EXP_Vol01_Free/MI/Spark/MI_Spark_Round.uasset" 1571
"C:/Users/period 5/Documents/Unreal Projects/HitAndRun/Content/Fire_EXP_Vol01_Free/MI/Spark/MI_Spark_Round.uexp" 1572
"C:/Users/period 5/Documents/Unreal Projects/HitAndRun/Content/Fire_EXP_Vol01_Free/Texture/Spark/T_Glow_001.ubulk" 1573
"C:/Users/period 5/Documents/Unreal Projects/HitAndRun/Content/Fire_EXP_Vol01_Free/Texture/Spark/T_Glow_001.uasset" 1574
"C:/Users/period 5/Documents/Unreal Projects/HitAndRun/Content/Fire_EXP_Vol01_Free/Texture/Spark/T_Glow_001.uexp" 1575
"C:/Users/period 5/Documents/Unreal Projects/HitAndRun/Content/Fire_EXP_Vol01_Free/MI/Spark/MI_Glow.uasset" 1576
"C:/Users/period 5/Documents/Unreal Projects/HitAndRun/Content/Fire_EXP_Vol01_Free/MI/Spark/MI_Glow.uexp" 1577
"C:/Users/period 5/Documents/Unreal Projects/HitAndRun/Content/Fire_EXP_Vol01_Free/Material/M_Sub_EXPMaster.uasset" 1578
"C:/Users/period 5/Documents/Unreal Projects/HitAndRun/Content/Fire_EXP_Vol01_Free/Material/M_Sub_EXPMaster.uexp" 1579
"C:/Users/period 5/Documents/Unreal Projects/HitAndRun/Content/Fire_EXP_Vol01_Free/Texture/EXP/T_Sub_EXP_Large_001_01.ubulk" 1580
"C:/Users/period 5/Documents/Unreal Projects/HitAndRun/Content/Fire_EXP_Vol01_Free/Texture/EXP/T_Sub_EXP_Large_001_01.uasset" 1581
"C:/Users/period 5/Documents/Unreal Projects/HitAndRun/Content/Fire_EXP_Vol01_Free/Texture/EXP/T_Sub_EXP_Large_001_01.uexp" 1582
"C:/Users/period 5/Documents/Unreal Projects/HitAndRun/Content/Fire_EXP_Vol01_Free/MI/EXP/MI_Sub_EXP_Large_001_01.uasset" 1583
"C:/Users/period 5/Documents/Unreal Projects/HitAndRun/Content/Fire_EXP_Vol01_Free/MI/EXP/MI_Sub_EXP_Large_001_01.uexp" 1584
"C:/Users/period 5/Documents/Unreal Projects/HitAndRun/Content/Fire_EXP_Vol01_Free/Material/M_Masked_Master.uasset" 1585
"C:/Users/period 5/Documents/Unreal Projects/HitAndRun/Content/Fire_EXP_Vol01_Free/Material/M_Masked_Master.uexp" 1586
"C:/Users/period 5/Documents/Unreal Projects/HitAndRun/Content/Fire_EXP_Vol01_Free/Texture/Debris/T_Sub_Debris_Glass_001.ubulk" 1587
"C:/Users/period 5/Documents/Unreal Projects/HitAndRun/Content/Fire_EXP_Vol01_Free/Texture/Debris/T_Sub_Debris_Glass_001.uasset" 1588
"C:/Users/period 5/Documents/Unreal Projects/HitAndRun/Content/Fire_EXP_Vol01_Free/Texture/Debris/T_Sub_Debris_Glass_001.uexp" 1589
"C:/Users/period 5/Documents/Unreal Projects/HitAndRun/Content/Fire_EXP_Vol01_Free/MI/Debris/MI_Sub_Debris_Glass_001.uasset" 1590
"C:/Users/period 5/Documents/Unreal Projects/HitAndRun/Content/Fire_EXP_Vol01_Free/MI/Debris/MI_Sub_Debris_Glass_001.uexp" 1591
"C:/Users/period 5/Documents/Unreal Projects/HitAndRun/Content/Fire_EXP_Vol01_Free/Niagara/EXP/NS_Sub_EXP_Large_001_01.uasset" 1592
"C:/Users/period 5/Documents/Unreal Projects/HitAndRun/Content/Fire_EXP_Vol01_Free/Niagara/EXP/NS_Sub_EXP_Large_001_01.uexp" 1593
"C:/Users/period 5/Documents/Unreal Projects/HitAndRun/Content/Vefects/Free_Fire/Shared/Textures/T_VFX_Noise_04.ubulk" 1594
"C:/Users/period 5/Documents/Unreal Projects/HitAndRun/Content/Vefects/Free_Fire/Shared/Textures/T_VFX_Noise_04.uasset" 1595
"C:/Users/period 5/Documents/Unreal Projects/HitAndRun/Content/Vefects/Free_Fire/Shared/Textures/T_VFX_Noise_04.uexp" 1596
"C:/Users/period 5/Documents/Unreal Projects/HitAndRun/Content/Vefects/Free_Fire/Shared/Textures/T_VFX_Noise_01.ubulk" 1597
"C:/Users/period 5/Documents/Unreal Projects/HitAndRun/Content/Vefects/Free_Fire/Shared/Textures/T_VFX_Noise_01.uasset" 1598
"C:/Users/period 5/Documents/Unreal Projects/HitAndRun/Content/Vefects/Free_Fire/Shared/Textures/T_VFX_Noise_01.uexp" 1599
"C:/Users/period 5/Documents/Unreal Projects/HitAndRun/Content/Vefects/Free_Fire/Shared/Textures/T_VFX_Fire_Ground_Mask_01.ubulk" 1600
"C:/Users/period 5/Documents/Unreal Projects/HitAndRun/Content/Vefects/Free_Fire/Shared/Textures/T_VFX_Fire_Ground_Mask_01.uasset" 1601
"C:/Users/period 5/Documents/Unreal Projects/HitAndRun/Content/Vefects/Free_Fire/Shared/Textures/T_VFX_Fire_Ground_Mask_01.uexp" 1602
"C:/Users/period 5/Documents/Unreal Projects/HitAndRun/Content/Vefects/Free_Fire/Shared/Textures/T_VFX_Ash_01.ubulk" 1603
"C:/Users/period 5/Documents/Unreal Projects/HitAndRun/Content/Vefects/Free_Fire/Shared/Textures/T_VFX_Ash_01.uasset" 1604
"C:/Users/period 5/Documents/Unreal Projects/HitAndRun/Content/Vefects/Free_Fire/Shared/Textures/T_VFX_Ash_01.uexp" 1605
"C:/Users/period 5/Documents/Unreal Projects/HitAndRun/Content/Vefects/Free_Fire/Shared/Materials/M_VFX_HeatDistortion.uasset" 1606
"C:/Users/period 5/Documents/Unreal Projects/HitAndRun/Content/Vefects/Free_Fire/Shared/Materials/M_VFX_HeatDistortion.uexp" 1607
"C:/Users/period 5/Documents/Unreal Projects/HitAndRun/Content/Vefects/Free_Fire/Shared/Materials/MI_VFX_HeatDistortion_Strong.uasset" 1608
"C:/Users/period 5/Documents/Unreal Projects/HitAndRun/Content/Vefects/Free_Fire/Shared/Materials/MI_VFX_HeatDistortion_Strong.uexp" 1609
"C:/Users/period 5/Documents/Unreal Projects/HitAndRun/Content/Vefects/Free_Fire/Shared/Textures/T_VFX_White.uasset" 1610
"C:/Users/period 5/Documents/Unreal Projects/HitAndRun/Content/Vefects/Free_Fire/Shared/Textures/T_VFX_White.uexp" 1611
"C:/Users/period 5/Documents/Unreal Projects/HitAndRun/Content/Vefects/Free_Fire/Shared/Textures/T_VFX_Gradient_Up_Down_01.ubulk" 1612
"C:/Users/period 5/Documents/Unreal Projects/HitAndRun/Content/Vefects/Free_Fire/Shared/Textures/T_VFX_Gradient_Up_Down_01.uasset" 1613
"C:/Users/period 5/Documents/Unreal Projects/HitAndRun/Content/Vefects/Free_Fire/Shared/Textures/T_VFX_Gradient_Up_Down_01.uexp" 1614
"C:/Users/period 5/Documents/Unreal Projects/HitAndRun/Content/Vefects/Free_Fire/Shared/Textures/T_VFX_Fire_Mask_01.ubulk" 1615
"C:/Users/period 5/Documents/Unreal Projects/HitAndRun/Content/Vefects/Free_Fire/Shared/Textures/T_VFX_Fire_Mask_01.uasset" 1616
"C:/Users/period 5/Documents/Unreal Projects/HitAndRun/Content/Vefects/Free_Fire/Shared/Textures/T_VFX_Fire_Mask_01.uexp" 1617
"C:/Users/period 5/Documents/Unreal Projects/HitAndRun/Content/Vefects/Free_Fire/Shared/Materials/M_VFX_Erosion.uasset" 1618
"C:/Users/period 5/Documents/Unreal Projects/HitAndRun/Content/Vefects/Free_Fire/Shared/Materials/M_VFX_Erosion.uexp" 1619
"C:/Users/period 5/Documents/Unreal Projects/HitAndRun/Content/Vefects/Free_Fire/Shared/Materials/MI_VFX_Fire_01.uasset" 1620
"C:/Users/period 5/Documents/Unreal Projects/HitAndRun/Content/Vefects/Free_Fire/Shared/Materials/MI_VFX_Fire_01.uexp" 1621
"C:/Users/period 5/Documents/Unreal Projects/HitAndRun/Content/Vefects/Free_Fire/Shared/Textures/T_VFX_Dust_01.ubulk" 1622
"C:/Users/period 5/Documents/Unreal Projects/HitAndRun/Content/Vefects/Free_Fire/Shared/Textures/T_VFX_Dust_01.uasset" 1623
"C:/Users/period 5/Documents/Unreal Projects/HitAndRun/Content/Vefects/Free_Fire/Shared/Textures/T_VFX_Dust_01.uexp" 1624
"C:/Users/period 5/Documents/Unreal Projects/HitAndRun/Content/Vefects/Free_Fire/Shared/Materials/MI_VFX_Fire_02.uasset" 1625
"C:/Users/period 5/Documents/Unreal Projects/HitAndRun/Content/Vefects/Free_Fire/Shared/Materials/MI_VFX_Fire_02.uexp" 1626
"C:/Users/period 5/Documents/Unreal Projects/HitAndRun/Content/Vefects/Free_Fire/Shared/Textures/T_VFX_Noise_07.ubulk" 1627
"C:/Users/period 5/Documents/Unreal Projects/HitAndRun/Content/Vefects/Free_Fire/Shared/Textures/T_VFX_Noise_07.uasset" 1628
"C:/Users/period 5/Documents/Unreal Projects/HitAndRun/Content/Vefects/Free_Fire/Shared/Textures/T_VFX_Noise_07.uexp" 1629
"C:/Users/period 5/Documents/Unreal Projects/HitAndRun/Content/Vefects/Free_Fire/Shared/Textures/T_VFX_Ashes_01.ubulk" 1630
"C:/Users/period 5/Documents/Unreal Projects/HitAndRun/Content/Vefects/Free_Fire/Shared/Textures/T_VFX_Ashes_01.uasset" 1631
"C:/Users/period 5/Documents/Unreal Projects/HitAndRun/Content/Vefects/Free_Fire/Shared/Textures/T_VFX_Ashes_01.uexp" 1632
"C:/Users/period 5/Documents/Unreal Projects/HitAndRun/Content/Vefects/Free_Fire/Shared/Materials/MI_VFX_Ashes_01.uasset" 1633
"C:/Users/period 5/Documents/Unreal Projects/HitAndRun/Content/Vefects/Free_Fire/Shared/Materials/MI_VFX_Ashes_01.uexp" 1634
"C:/Users/period 5/Documents/Unreal Projects/HitAndRun/Content/Vefects/Free_Fire/Shared/Textures/T_VFX_Glow_01.ubulk" 1635
"C:/Users/period 5/Documents/Unreal Projects/HitAndRun/Content/Vefects/Free_Fire/Shared/Textures/T_VFX_Glow_01.uasset" 1636
"C:/Users/period 5/Documents/Unreal Projects/HitAndRun/Content/Vefects/Free_Fire/Shared/Textures/T_VFX_Glow_01.uexp" 1637
"C:/Users/period 5/Documents/Unreal Projects/HitAndRun/Content/Vefects/Free_Fire/Shared/Materials/MI_VFX_Glow_01.uasset" 1638
"C:/Users/period 5/Documents/Unreal Projects/HitAndRun/Content/Vefects/Free_Fire/Shared/Materials/MI_VFX_Glow_01.uexp" 1639
"C:/Users/period 5/Documents/Unreal Projects/HitAndRun/Content/Vefects/Free_Fire/Shared/Particles/NS_Fire_Small.uasset" 1640
"C:/Users/period 5/Documents/Unreal Projects/HitAndRun/Content/Vefects/Free_Fire/Shared/Particles/NS_Fire_Small.uexp" 1641
"C:/Users/period 5/Documents/Unreal Projects/HitAndRun/Content/TopDownHybrid/Sounds/Sfx/tirescreech2.ubulk" 1642
"C:/Users/period 5/Documents/Unreal Projects/HitAndRun/Content/TopDownHybrid/Sounds/Sfx/tirescreech2.uasset" 1643
"C:/Users/period 5/Documents/Unreal Projects/HitAndRun/Content/TopDownHybrid/Sounds/Sfx/tirescreech2.uexp" 1644
"C:/Users/period 5/Documents/Unreal Projects/HitAndRun/Content/TopDownHybrid/Sounds/Sfx/ScreechCue.uasset" 1645
"C:/Users/period 5/Documents/Unreal Projects/HitAndRun/Content/TopDownHybrid/Sounds/Sfx/ScreechCue.uexp" 1646
"C:/Users/period 5/Documents/Unreal Projects/HitAndRun/Content/TopDownHybrid/Sounds/Sfx/powerup3.ubulk" 1647
"C:/Users/period 5/Documents/Unreal Projects/HitAndRun/Content/TopDownHybrid/Sounds/Sfx/powerup3.uasset" 1648
"C:/Users/period 5/Documents/Unreal Projects/HitAndRun/Content/TopDownHybrid/Sounds/Sfx/powerup3.uexp" 1649
"C:/Users/period 5/Documents/Unreal Projects/HitAndRun/Content/TopDownHybrid/Sounds/Sfx/powerup2.ubulk" 1650
"C:/Users/period 5/Documents/Unreal Projects/HitAndRun/Content/TopDownHybrid/Sounds/Sfx/powerup2.uasset" 1651
"C:/Users/period 5/Documents/Unreal Projects/HitAndRun/Content/TopDownHybrid/Sounds/Sfx/powerup2.uexp" 1652
"C:/Users/period 5/Documents/Unreal Projects/HitAndRun/Content/TopDownHybrid/Sounds/Sfx/powerup1.ubulk" 1653
"C:/Users/period 5/Documents/Unreal Projects/HitAndRun/Content/TopDownHybrid/Sounds/Sfx/powerup1.uasset" 1654
"C:/Users/period 5/Documents/Unreal Projects/HitAndRun/Content/TopDownHybrid/Sounds/Sfx/powerup1.uexp" 1655
"C:/Users/period 5/Documents/Unreal Projects/HitAndRun/Content/TopDownHybrid/Sounds/Sfx/powerdown2.ubulk" 1656
"C:/Users/period 5/Documents/Unreal Projects/HitAndRun/Content/TopDownHybrid/Sounds/Sfx/powerdown2.uasset" 1657
"C:/Users/period 5/Documents/Unreal Projects/HitAndRun/Content/TopDownHybrid/Sounds/Sfx/powerdown2.uexp" 1658
"C:/Users/period 5/Documents/Unreal Projects/HitAndRun/Content/TopDownHybrid/Sounds/Sfx/powerdown1.ubulk" 1659
"C:/Users/period 5/Documents/Unreal Projects/HitAndRun/Content/TopDownHybrid/Sounds/Sfx/powerdown1.uasset" 1660
"C:/Users/period 5/Documents/Unreal Projects/HitAndRun/Content/TopDownHybrid/Sounds/Sfx/powerdown1.uexp" 1661
"C:/Users/period 5/Documents/Unreal Projects/HitAndRun/Content/TopDownHybrid/Sounds/Sfx/Explode_SFX.ubulk" 1662
"C:/Users/period 5/Documents/Unreal Projects/HitAndRun/Content/TopDownHybrid/Sounds/Sfx/Explode_SFX.uasset" 1663
"C:/Users/period 5/Documents/Unreal Projects/HitAndRun/Content/TopDownHybrid/Sounds/Sfx/Explode_SFX.uexp" 1664
"C:/Users/period 5/Documents/Unreal Projects/HitAndRun/Content/TopDownHybrid/Sounds/Sfx/Drake_Stafford.ubulk" 1665
"C:/Users/period 5/Documents/Unreal Projects/HitAndRun/Content/TopDownHybrid/Sounds/Sfx/Drake_Stafford.uasset" 1666
"C:/Users/period 5/Documents/Unreal Projects/HitAndRun/Content/TopDownHybrid/Sounds/Sfx/Drake_Stafford.uexp" 1667
"C:/Users/period 5/Documents/Unreal Projects/HitAndRun/Content/TopDownHybrid/Sounds/Sfx/64940__syna-max__wilhelm_scream.ubulk" 1668
"C:/Users/period 5/Documents/Unreal Projects/HitAndRun/Content/TopDownHybrid/Sounds/Sfx/64940__syna-max__wilhelm_scream.uasset" 1669
"C:/Users/period 5/Documents/Unreal Projects/HitAndRun/Content/TopDownHybrid/Sounds/Sfx/64940__syna-max__wilhelm_scream.uexp" 1670
"C:/Users/period 5/Documents/Unreal Projects/HitAndRun/Content/TopDownHybrid/Sounds/Sfx/512474__michael_grinnell__power-up.ubulk" 1671
"C:/Users/period 5/Documents/Unreal Projects/HitAndRun/Content/TopDownHybrid/Sounds/Sfx/512474__michael_grinnell__power-up.uasset" 1672
"C:/Users/period 5/Documents/Unreal Projects/HitAndRun/Content/TopDownHybrid/Sounds/Sfx/512474__michael_grinnell__power-up.uexp" 1673
"C:/Users/period 5/Documents/Unreal Projects/HitAndRun/Content/TopDownHybrid/Sounds/Sfx/431329__someguy22__8-bit-powerup.ubulk" 1674
"C:/Users/period 5/Documents/Unreal Projects/HitAndRun/Content/TopDownHybrid/Sounds/Sfx/431329__someguy22__8-bit-powerup.uasset" 1675
"C:/Users/period 5/Documents/Unreal Projects/HitAndRun/Content/TopDownHybrid/Sounds/Sfx/431329__someguy22__8-bit-powerup.uexp" 1676
"C:/Users/period 5/Documents/Unreal Projects/HitAndRun/Content/TopDownHybrid/Sounds/Sfx/237928__foolboymedia__messy-splat-3a.ubulk" 1677
"C:/Users/period 5/Documents/Unreal Projects/HitAndRun/Content/TopDownHybrid/Sounds/Sfx/237928__foolboymedia__messy-splat-3a.uasset" 1678
"C:/Users/period 5/Documents/Unreal Projects/HitAndRun/Content/TopDownHybrid/Sounds/Sfx/237928__foolboymedia__messy-splat-3a.uexp" 1679
"../../../Engine/Plugins/Interchange/Assets/Content/Functions/MF_PhongToMetalRoughness.uasset" 1680
"../../../Engine/Plugins/Interchange/Assets/Content/Functions/MF_PhongToMetalRoughness.uexp" 1681
"C:/Users/period 5/Documents/Unreal Projects/HitAndRun/Content/TopDownHybrid/Meshes/Truck/Material_015.uasset" 1682
"C:/Users/period 5/Documents/Unreal Projects/HitAndRun/Content/TopDownHybrid/Meshes/Truck/Material_015.uexp" 1683
"C:/Users/period 5/Documents/Unreal Projects/HitAndRun/Content/TopDownHybrid/Meshes/Truck/Cylinder_014.ubulk" 1684
"C:/Users/period 5/Documents/Unreal Projects/HitAndRun/Content/TopDownHybrid/Meshes/Truck/Cylinder_014.uasset" 1685
"C:/Users/period 5/Documents/Unreal Projects/HitAndRun/Content/TopDownHybrid/Meshes/Truck/Cylinder_014.uexp" 1686
"C:/Users/period 5/Documents/Unreal Projects/HitAndRun/Content/TopDownHybrid/Meshes/Truck/Material_012.uasset" 1687
"C:/Users/period 5/Documents/Unreal Projects/HitAndRun/Content/TopDownHybrid/Meshes/Truck/Material_012.uexp" 1688
"C:/Users/period 5/Documents/Unreal Projects/HitAndRun/Content/TopDownHybrid/Meshes/Truck/Cylinder_013.ubulk" 1689
"C:/Users/period 5/Documents/Unreal Projects/HitAndRun/Content/TopDownHybrid/Meshes/Truck/Cylinder_013.uasset" 1690
"C:/Users/period 5/Documents/Unreal Projects/HitAndRun/Content/TopDownHybrid/Meshes/Truck/Cylinder_013.uexp" 1691
"C:/Users/period 5/Documents/Unreal Projects/HitAndRun/Content/TopDownHybrid/Meshes/Truck/Material_014.uasset" 1692
"C:/Users/period 5/Documents/Unreal Projects/HitAndRun/Content/TopDownHybrid/Meshes/Truck/Material_014.uexp" 1693
"C:/Users/period 5/Documents/Unreal Projects/HitAndRun/Content/TopDownHybrid/Meshes/Truck/Cylinder_012.ubulk" 1694
"C:/Users/period 5/Documents/Unreal Projects/HitAndRun/Content/TopDownHybrid/Meshes/Truck/Cylinder_012.uasset" 1695
"C:/Users/period 5/Documents/Unreal Projects/HitAndRun/Content/TopDownHybrid/Meshes/Truck/Cylinder_012.uexp" 1696
"C:/Users/period 5/Documents/Unreal Projects/HitAndRun/Content/TopDownHybrid/Meshes/Truck/Material_007.uasset" 1697
"C:/Users/period 5/Documents/Unreal Projects/HitAndRun/Content/TopDownHybrid/Meshes/Truck/Material_007.uexp" 1698
"C:/Users/period 5/Documents/Unreal Projects/HitAndRun/Content/TopDownHybrid/Meshes/Truck/Material_006.uasset" 1699
"C:/Users/period 5/Documents/Unreal Projects/HitAndRun/Content/TopDownHybrid/Meshes/Truck/Material_006.uexp" 1700
"C:/Users/period 5/Documents/Unreal Projects/HitAndRun/Content/TopDownHybrid/Meshes/Truck/Cylinder_011.ubulk" 1701
"C:/Users/period 5/Documents/Unreal Projects/HitAndRun/Content/TopDownHybrid/Meshes/Truck/Cylinder_011.uasset" 1702
"C:/Users/period 5/Documents/Unreal Projects/HitAndRun/Content/TopDownHybrid/Meshes/Truck/Cylinder_011.uexp" 1703
"C:/Users/period 5/Documents/Unreal Projects/HitAndRun/Content/TopDownHybrid/Meshes/Truck/Material_003.uasset" 1704
"C:/Users/period 5/Documents/Unreal Projects/HitAndRun/Content/TopDownHybrid/Meshes/Truck/Material_003.uexp" 1705
"C:/Users/period 5/Documents/Unreal Projects/HitAndRun/Content/TopDownHybrid/Meshes/Truck/Cylinder_010.ubulk" 1706
"C:/Users/period 5/Documents/Unreal Projects/HitAndRun/Content/TopDownHybrid/Meshes/Truck/Cylinder_010.uasset" 1707
"C:/Users/period 5/Documents/Unreal Projects/HitAndRun/Content/TopDownHybrid/Meshes/Truck/Cylinder_010.uexp" 1708
"C:/Users/period 5/Documents/Unreal Projects/HitAndRun/Content/TopDownHybrid/Meshes/Truck/Cylinder_009.ubulk" 1709
"C:/Users/period 5/Documents/Unreal Projects/HitAndRun/Content/TopDownHybrid/Meshes/Truck/Cylinder_009.uasset" 1710
"C:/Users/period 5/Documents/Unreal Projects/HitAndRun/Content/TopDownHybrid/Meshes/Truck/Cylinder_009.uexp" 1711
"C:/Users/period 5/Documents/Unreal Projects/HitAndRun/Content/TopDownHybrid/Meshes/Truck/Material_008.uasset" 1712
"C:/Users/period 5/Documents/Unreal Projects/HitAndRun/Content/TopDownHybrid/Meshes/Truck/Material_008.uexp" 1713
"C:/Users/period 5/Documents/Unreal Projects/HitAndRun/Content/TopDownHybrid/Meshes/Truck/Cylinder_004.ubulk" 1714
"C:/Users/period 5/Documents/Unreal Projects/HitAndRun/Content/TopDownHybrid/Meshes/Truck/Cylinder_004.uasset" 1715
"C:/Users/period 5/Documents/Unreal Projects/HitAndRun/Content/TopDownHybrid/Meshes/Truck/Cylinder_004.uexp" 1716
"C:/Users/period 5/Documents/Unreal Projects/HitAndRun/Content/TopDownHybrid/Meshes/Truck/Material_016.uasset" 1717
"C:/Users/period 5/Documents/Unreal Projects/HitAndRun/Content/TopDownHybrid/Meshes/Truck/Material_016.uexp" 1718
"C:/Users/period 5/Documents/Unreal Projects/HitAndRun/Content/TopDownHybrid/Meshes/Truck/Cylinder_003.ubulk" 1719
"C:/Users/period 5/Documents/Unreal Projects/HitAndRun/Content/TopDownHybrid/Meshes/Truck/Cylinder_003.uasset" 1720
"C:/Users/period 5/Documents/Unreal Projects/HitAndRun/Content/TopDownHybrid/Meshes/Truck/Cylinder_003.uexp" 1721
"C:/Users/period 5/Documents/Unreal Projects/HitAndRun/Content/TopDownHybrid/Meshes/Truck/Cylinder_002.ubulk" 1722
"C:/Users/period 5/Documents/Unreal Projects/HitAndRun/Content/TopDownHybrid/Meshes/Truck/Cylinder_002.uasset" 1723
"C:/Users/period 5/Documents/Unreal Projects/HitAndRun/Content/TopDownHybrid/Meshes/Truck/Cylinder_002.uexp" 1724
"C:/Users/period 5/Documents/Unreal Projects/HitAndRun/Content/TopDownHybrid/Meshes/Truck/Cube_005.ubulk" 1725
"C:/Users/period 5/Documents/Unreal Projects/HitAndRun/Content/TopDownHybrid/Meshes/Truck/Cube_005.uasset" 1726
"C:/Users/period 5/Documents/Unreal Projects/HitAndRun/Content/TopDownHybrid/Meshes/Truck/Cube_005.uexp" 1727
"C:/Users/period 5/Documents/Unreal Projects/HitAndRun/Content/TopDownHybrid/Meshes/Truck/Cube_003.ubulk" 1728
"C:/Users/period 5/Documents/Unreal Projects/HitAndRun/Content/TopDownHybrid/Meshes/Truck/Cube_003.uasset" 1729
"C:/Users/period 5/Documents/Unreal Projects/HitAndRun/Content/TopDownHybrid/Meshes/Truck/Cube_003.uexp" 1730
"C:/Users/period 5/Documents/Unreal Projects/HitAndRun/Content/TopDownHybrid/Meshes/Truck/Cube_002.ubulk" 1731
"C:/Users/period 5/Documents/Unreal Projects/HitAndRun/Content/TopDownHybrid/Meshes/Truck/Cube_002.uasset" 1732
"C:/Users/period 5/Documents/Unreal Projects/HitAndRun/Content/TopDownHybrid/Meshes/Truck/Cube_002.uexp" 1733
"C:/Users/period 5/Documents/Unreal Projects/HitAndRun/Content/TopDownHybrid/Meshes/Truck/Material_010.uasset" 1734
"C:/Users/period 5/Documents/Unreal Projects/HitAndRun/Content/TopDownHybrid/Meshes/Truck/Material_010.uexp" 1735
"C:/Users/period 5/Documents/Unreal Projects/HitAndRun/Content/TopDownHybrid/Meshes/Truck/Material_005.uasset" 1736
"C:/Users/period 5/Documents/Unreal Projects/HitAndRun/Content/TopDownHybrid/Meshes/Truck/Material_005.uexp" 1737
"C:/Users/period 5/Documents/Unreal Projects/HitAndRun/Content/TopDownHybrid/Meshes/Truck/Material_004.uasset" 1738
"C:/Users/period 5/Documents/Unreal Projects/HitAndRun/Content/TopDownHybrid/Meshes/Truck/Material_004.uexp" 1739
"C:/Users/period 5/Documents/Unreal Projects/HitAndRun/Content/TopDownHybrid/Meshes/Truck/Material_002.uasset" 1740
"C:/Users/period 5/Documents/Unreal Projects/HitAndRun/Content/TopDownHybrid/Meshes/Truck/Material_002.uexp" 1741
"C:/Users/period 5/Documents/Unreal Projects/HitAndRun/Content/TopDownHybrid/Meshes/Truck/Material_001.uasset" 1742
"C:/Users/period 5/Documents/Unreal Projects/HitAndRun/Content/TopDownHybrid/Meshes/Truck/Material_001.uexp" 1743
"C:/Users/period 5/Documents/Unreal Projects/HitAndRun/Content/TopDownHybrid/Meshes/Truck/Material.uasset" 1744
"C:/Users/period 5/Documents/Unreal Projects/HitAndRun/Content/TopDownHybrid/Meshes/Truck/Material.uexp" 1745
"C:/Users/period 5/Documents/Unreal Projects/HitAndRun/Content/TopDownHybrid/Meshes/Truck/Cube.ubulk" 1746
"C:/Users/period 5/Documents/Unreal Projects/HitAndRun/Content/TopDownHybrid/Meshes/Truck/Cube.uasset" 1747
"C:/Users/period 5/Documents/Unreal Projects/HitAndRun/Content/TopDownHybrid/Meshes/Truck/Cube.uexp" 1748
"../../../Engine/Content/StarterContent/Textures/T_ground_Moss_D.ubulk" 1749
"../../../Engine/Content/StarterContent/Textures/T_ground_Moss_D.uasset" 1750
"../../../Engine/Content/StarterContent/Textures/T_ground_Moss_D.uexp" 1751
"C:/Users/period 5/Documents/Unreal Projects/HitAndRun/Content/TopDownHybrid/Materials/Images/Splatters/Splatsheet.uasset" 1752
"C:/Users/period 5/Documents/Unreal Projects/HitAndRun/Content/TopDownHybrid/Materials/Images/Splatters/Splatsheet.uexp" 1753
"C:/Users/period 5/Documents/Unreal Projects/HitAndRun/Content/TopDownHybrid/Materials/Images/Splatters/Splat.uasset" 1754
"C:/Users/period 5/Documents/Unreal Projects/HitAndRun/Content/TopDownHybrid/Materials/Images/Splatters/Splat.uexp" 1755
"C:/Users/period 5/Documents/Unreal Projects/HitAndRun/Content/TopDownHybrid/Blueprints/Widgets/TextAndStuff.uasset" 1756
"C:/Users/period 5/Documents/Unreal Projects/HitAndRun/Content/TopDownHybrid/Blueprints/Widgets/TextAndStuff.uexp" 1757
"C:/Users/period 5/Documents/Unreal Projects/HitAndRun/Content/TopDownHybrid/Blueprints/Mannequin/AS_Mannequin.uasset" 1758
"C:/Users/period 5/Documents/Unreal Projects/HitAndRun/Content/TopDownHybrid/Blueprints/Mannequin/AS_Mannequin.uexp" 1759
"C:/Users/period 5/Documents/Unreal Projects/HitAndRun/Content/PaperAssets/Mannequin/Frames/Mannequin__Run_U_0_aseprite.uasset" 1760
"C:/Users/period 5/Documents/Unreal Projects/HitAndRun/Content/PaperAssets/Mannequin/Frames/Mannequin__Run_U_0_aseprite.uexp" 1761
"C:/Users/period 5/Documents/Unreal Projects/HitAndRun/Content/PaperAssets/Mannequin/Frames/Mannequin__Run_U_1_aseprite.uasset" 1762
"C:/Users/period 5/Documents/Unreal Projects/HitAndRun/Content/PaperAssets/Mannequin/Frames/Mannequin__Run_U_1_aseprite.uexp" 1763
"C:/Users/period 5/Documents/Unreal Projects/HitAndRun/Content/PaperAssets/Mannequin/Frames/Mannequin__Run_U_2_aseprite.uasset" 1764
"C:/Users/period 5/Documents/Unreal Projects/HitAndRun/Content/PaperAssets/Mannequin/Frames/Mannequin__Run_U_2_aseprite.uexp" 1765
"C:/Users/period 5/Documents/Unreal Projects/HitAndRun/Content/PaperAssets/Mannequin/Frames/Mannequin__Run_U_3_aseprite.uasset" 1766
"C:/Users/period 5/Documents/Unreal Projects/HitAndRun/Content/PaperAssets/Mannequin/Frames/Mannequin__Run_U_3_aseprite.uexp" 1767
"C:/Users/period 5/Documents/Unreal Projects/HitAndRun/Content/PaperAssets/Mannequin/Frames/Mannequin__Run_U_4_aseprite.uasset" 1768
"C:/Users/period 5/Documents/Unreal Projects/HitAndRun/Content/PaperAssets/Mannequin/Frames/Mannequin__Run_U_4_aseprite.uexp" 1769
"C:/Users/period 5/Documents/Unreal Projects/HitAndRun/Content/PaperAssets/Mannequin/Frames/Mannequin__Run_U_5_aseprite.uasset" 1770
"C:/Users/period 5/Documents/Unreal Projects/HitAndRun/Content/PaperAssets/Mannequin/Frames/Mannequin__Run_U_5_aseprite.uexp" 1771
"C:/Users/period 5/Documents/Unreal Projects/HitAndRun/Content/PaperAssets/Mannequin/Mannequin__Run_U.uasset" 1772
"C:/Users/period 5/Documents/Unreal Projects/HitAndRun/Content/PaperAssets/Mannequin/Mannequin__Run_U.uexp" 1773
"C:/Users/period 5/Documents/Unreal Projects/HitAndRun/Content/PaperAssets/Mannequin/Frames/Mannequin__Run_R_0_aseprite.uasset" 1774
"C:/Users/period 5/Documents/Unreal Projects/HitAndRun/Content/PaperAssets/Mannequin/Frames/Mannequin__Run_R_0_aseprite.uexp" 1775
"C:/Users/period 5/Documents/Unreal Projects/HitAndRun/Content/PaperAssets/Mannequin/Frames/Mannequin__Run_R_1_aseprite.uasset" 1776
"C:/Users/period 5/Documents/Unreal Projects/HitAndRun/Content/PaperAssets/Mannequin/Frames/Mannequin__Run_R_1_aseprite.uexp" 1777
"C:/Users/period 5/Documents/Unreal Projects/HitAndRun/Content/PaperAssets/Mannequin/Frames/Mannequin__Run_R_2_aseprite.uasset" 1778
"C:/Users/period 5/Documents/Unreal Projects/HitAndRun/Content/PaperAssets/Mannequin/Frames/Mannequin__Run_R_2_aseprite.uexp" 1779
"C:/Users/period 5/Documents/Unreal Projects/HitAndRun/Content/PaperAssets/Mannequin/Frames/Mannequin__Run_R_3_aseprite.uasset" 1780
"C:/Users/period 5/Documents/Unreal Projects/HitAndRun/Content/PaperAssets/Mannequin/Frames/Mannequin__Run_R_3_aseprite.uexp" 1781
"C:/Users/period 5/Documents/Unreal Projects/HitAndRun/Content/PaperAssets/Mannequin/Frames/Mannequin__Run_R_4_aseprite.uasset" 1782
"C:/Users/period 5/Documents/Unreal Projects/HitAndRun/Content/PaperAssets/Mannequin/Frames/Mannequin__Run_R_4_aseprite.uexp" 1783
"C:/Users/period 5/Documents/Unreal Projects/HitAndRun/Content/PaperAssets/Mannequin/Frames/Mannequin__Run_R_5_aseprite.uasset" 1784
"C:/Users/period 5/Documents/Unreal Projects/HitAndRun/Content/PaperAssets/Mannequin/Frames/Mannequin__Run_R_5_aseprite.uexp" 1785
"C:/Users/period 5/Documents/Unreal Projects/HitAndRun/Content/PaperAssets/Mannequin/Mannequin__Run_R.uasset" 1786
"C:/Users/period 5/Documents/Unreal Projects/HitAndRun/Content/PaperAssets/Mannequin/Mannequin__Run_R.uexp" 1787
"C:/Users/period 5/Documents/Unreal Projects/HitAndRun/Content/PaperAssets/Mannequin/Frames/Mannequin__Run_L_0_aseprite.uasset" 1788
"C:/Users/period 5/Documents/Unreal Projects/HitAndRun/Content/PaperAssets/Mannequin/Frames/Mannequin__Run_L_0_aseprite.uexp" 1789
"C:/Users/period 5/Documents/Unreal Projects/HitAndRun/Content/PaperAssets/Mannequin/Frames/Mannequin__Run_L_1_aseprite.uasset" 1790
"C:/Users/period 5/Documents/Unreal Projects/HitAndRun/Content/PaperAssets/Mannequin/Frames/Mannequin__Run_L_1_aseprite.uexp" 1791
"C:/Users/period 5/Documents/Unreal Projects/HitAndRun/Content/PaperAssets/Mannequin/Frames/Mannequin__Run_L_2_aseprite.uasset" 1792
"C:/Users/period 5/Documents/Unreal Projects/HitAndRun/Content/PaperAssets/Mannequin/Frames/Mannequin__Run_L_2_aseprite.uexp" 1793
"C:/Users/period 5/Documents/Unreal Projects/HitAndRun/Content/PaperAssets/Mannequin/Frames/Mannequin__Run_L_3_aseprite.uasset" 1794
"C:/Users/period 5/Documents/Unreal Projects/HitAndRun/Content/PaperAssets/Mannequin/Frames/Mannequin__Run_L_3_aseprite.uexp" 1795
"C:/Users/period 5/Documents/Unreal Projects/HitAndRun/Content/PaperAssets/Mannequin/Frames/Mannequin__Run_L_4_aseprite.uasset" 1796
"C:/Users/period 5/Documents/Unreal Projects/HitAndRun/Content/PaperAssets/Mannequin/Frames/Mannequin__Run_L_4_aseprite.uexp" 1797
"C:/Users/period 5/Documents/Unreal Projects/HitAndRun/Content/PaperAssets/Mannequin/Frames/Mannequin__Run_L_5_aseprite.uasset" 1798
"C:/Users/period 5/Documents/Unreal Projects/HitAndRun/Content/PaperAssets/Mannequin/Frames/Mannequin__Run_L_5_aseprite.uexp" 1799
"C:/Users/period 5/Documents/Unreal Projects/HitAndRun/Content/PaperAssets/Mannequin/Mannequin__Run_L.uasset" 1800
"C:/Users/period 5/Documents/Unreal Projects/HitAndRun/Content/PaperAssets/Mannequin/Mannequin__Run_L.uexp" 1801
"C:/Users/period 5/Documents/Unreal Projects/HitAndRun/Content/PaperAssets/Mannequin/Frames/Mannequin__Run_D_0_aseprite.uasset" 1802
"C:/Users/period 5/Documents/Unreal Projects/HitAndRun/Content/PaperAssets/Mannequin/Frames/Mannequin__Run_D_0_aseprite.uexp" 1803
"C:/Users/period 5/Documents/Unreal Projects/HitAndRun/Content/PaperAssets/Mannequin/Frames/Mannequin__Run_D_1_aseprite.uasset" 1804
"C:/Users/period 5/Documents/Unreal Projects/HitAndRun/Content/PaperAssets/Mannequin/Frames/Mannequin__Run_D_1_aseprite.uexp" 1805
"C:/Users/period 5/Documents/Unreal Projects/HitAndRun/Content/PaperAssets/Mannequin/Frames/Mannequin__Run_D_2_aseprite.uasset" 1806
"C:/Users/period 5/Documents/Unreal Projects/HitAndRun/Content/PaperAssets/Mannequin/Frames/Mannequin__Run_D_2_aseprite.uexp" 1807
"C:/Users/period 5/Documents/Unreal Projects/HitAndRun/Content/PaperAssets/Mannequin/Frames/Mannequin__Run_D_3_aseprite.uasset" 1808
"C:/Users/period 5/Documents/Unreal Projects/HitAndRun/Content/PaperAssets/Mannequin/Frames/Mannequin__Run_D_3_aseprite.uexp" 1809
"C:/Users/period 5/Documents/Unreal Projects/HitAndRun/Content/PaperAssets/Mannequin/Frames/Mannequin__Run_D_4_aseprite.uasset" 1810
"C:/Users/period 5/Documents/Unreal Projects/HitAndRun/Content/PaperAssets/Mannequin/Frames/Mannequin__Run_D_4_aseprite.uexp" 1811
"C:/Users/period 5/Documents/Unreal Projects/HitAndRun/Content/PaperAssets/Mannequin/Frames/Mannequin__Run_D_5_aseprite.uasset" 1812
"C:/Users/period 5/Documents/Unreal Projects/HitAndRun/Content/PaperAssets/Mannequin/Frames/Mannequin__Run_D_5_aseprite.uexp" 1813
"C:/Users/period 5/Documents/Unreal Projects/HitAndRun/Content/PaperAssets/Mannequin/Mannequin__Run_D.uasset" 1814
"C:/Users/period 5/Documents/Unreal Projects/HitAndRun/Content/PaperAssets/Mannequin/Mannequin__Run_D.uexp" 1815
"C:/Users/period 5/Documents/Unreal Projects/HitAndRun/Content/TopDownHybrid/Blueprints/Mannequin/AnimSequences/Run.uasset" 1816
"C:/Users/period 5/Documents/Unreal Projects/HitAndRun/Content/TopDownHybrid/Blueprints/Mannequin/AnimSequences/Run.uexp" 1817
"C:/Users/period 5/Documents/Unreal Projects/HitAndRun/Content/PaperAssets/Mannequin/Frames/Mannequin__Idle_U_0_aseprite.uasset" 1818
"C:/Users/period 5/Documents/Unreal Projects/HitAndRun/Content/PaperAssets/Mannequin/Frames/Mannequin__Idle_U_0_aseprite.uexp" 1819
"C:/Users/period 5/Documents/Unreal Projects/HitAndRun/Content/PaperAssets/Mannequin/Frames/Mannequin__Idle_U_1_aseprite.uasset" 1820
"C:/Users/period 5/Documents/Unreal Projects/HitAndRun/Content/PaperAssets/Mannequin/Frames/Mannequin__Idle_U_1_aseprite.uexp" 1821
"C:/Users/period 5/Documents/Unreal Projects/HitAndRun/Content/PaperAssets/Mannequin/Frames/Mannequin__Idle_U_2_aseprite.uasset" 1822
"C:/Users/period 5/Documents/Unreal Projects/HitAndRun/Content/PaperAssets/Mannequin/Frames/Mannequin__Idle_U_2_aseprite.uexp" 1823
"C:/Users/period 5/Documents/Unreal Projects/HitAndRun/Content/PaperAssets/Mannequin/Frames/Mannequin__Idle_U_3_aseprite.uasset" 1824
"C:/Users/period 5/Documents/Unreal Projects/HitAndRun/Content/PaperAssets/Mannequin/Frames/Mannequin__Idle_U_3_aseprite.uexp" 1825
"C:/Users/period 5/Documents/Unreal Projects/HitAndRun/Content/PaperAssets/Mannequin/Mannequin__Idle_U.uasset" 1826
"C:/Users/period 5/Documents/Unreal Projects/HitAndRun/Content/PaperAssets/Mannequin/Mannequin__Idle_U.uexp" 1827
"C:/Users/period 5/Documents/Unreal Projects/HitAndRun/Content/PaperAssets/Mannequin/Frames/Mannequin__Idle_R_0_aseprite.uasset" 1828
"C:/Users/period 5/Documents/Unreal Projects/HitAndRun/Content/PaperAssets/Mannequin/Frames/Mannequin__Idle_R_0_aseprite.uexp" 1829
"C:/Users/period 5/Documents/Unreal Projects/HitAndRun/Content/PaperAssets/Mannequin/Frames/Mannequin__Idle_R_1_aseprite.uasset" 1830
"C:/Users/period 5/Documents/Unreal Projects/HitAndRun/Content/PaperAssets/Mannequin/Frames/Mannequin__Idle_R_1_aseprite.uexp" 1831
"C:/Users/period 5/Documents/Unreal Projects/HitAndRun/Content/PaperAssets/Mannequin/Frames/Mannequin__Idle_R_2_aseprite.uasset" 1832
"C:/Users/period 5/Documents/Unreal Projects/HitAndRun/Content/PaperAssets/Mannequin/Frames/Mannequin__Idle_R_2_aseprite.uexp" 1833
"C:/Users/period 5/Documents/Unreal Projects/HitAndRun/Content/PaperAssets/Mannequin/Frames/Mannequin__Idle_R_3_aseprite.uasset" 1834
"C:/Users/period 5/Documents/Unreal Projects/HitAndRun/Content/PaperAssets/Mannequin/Frames/Mannequin__Idle_R_3_aseprite.uexp" 1835
"C:/Users/period 5/Documents/Unreal Projects/HitAndRun/Content/PaperAssets/Mannequin/Mannequin__Idle_R.uasset" 1836
"C:/Users/period 5/Documents/Unreal Projects/HitAndRun/Content/PaperAssets/Mannequin/Mannequin__Idle_R.uexp" 1837
"C:/Users/period 5/Documents/Unreal Projects/HitAndRun/Content/PaperAssets/Mannequin/Frames/Mannequin__Idle_L_0_aseprite.uasset" 1838
"C:/Users/period 5/Documents/Unreal Projects/HitAndRun/Content/PaperAssets/Mannequin/Frames/Mannequin__Idle_L_0_aseprite.uexp" 1839
"C:/Users/period 5/Documents/Unreal Projects/HitAndRun/Content/PaperAssets/Mannequin/Frames/Mannequin__Idle_L_1_aseprite.uasset" 1840
"C:/Users/period 5/Documents/Unreal Projects/HitAndRun/Content/PaperAssets/Mannequin/Frames/Mannequin__Idle_L_1_aseprite.uexp" 1841
"C:/Users/period 5/Documents/Unreal Projects/HitAndRun/Content/PaperAssets/Mannequin/Frames/Mannequin__Idle_L_3_aseprite.uasset" 1842
"C:/Users/period 5/Documents/Unreal Projects/HitAndRun/Content/PaperAssets/Mannequin/Frames/Mannequin__Idle_L_3_aseprite.uexp" 1843
"C:/Users/period 5/Documents/Unreal Projects/HitAndRun/Content/PaperAssets/Mannequin/Mannequin__Idle_L.uasset" 1844
"C:/Users/period 5/Documents/Unreal Projects/HitAndRun/Content/PaperAssets/Mannequin/Mannequin__Idle_L.uexp" 1845
"C:/Users/period 5/Documents/Unreal Projects/HitAndRun/Content/TopDownHybrid/Blueprints/Mannequin/AnimSequences/Idle.uasset" 1846
"C:/Users/period 5/Documents/Unreal Projects/HitAndRun/Content/TopDownHybrid/Blueprints/Mannequin/AnimSequences/Idle.uexp" 1847
"C:/Users/period 5/Documents/Unreal Projects/HitAndRun/Content/TopDownHybrid/Blueprints/Mannequin/ABP_Mannequin.uasset" 1848
"C:/Users/period 5/Documents/Unreal Projects/HitAndRun/Content/TopDownHybrid/Blueprints/Mannequin/ABP_Mannequin.uexp" 1849
"C:/Users/period 5/Documents/Unreal Projects/HitAndRun/Content/TopDownHybrid/Blueprints/Mannequin/BP_Mannequin.uasset" 1850
"C:/Users/period 5/Documents/Unreal Projects/HitAndRun/Content/TopDownHybrid/Blueprints/Mannequin/BP_Mannequin.uexp" 1851
"C:/Users/period 5/Documents/Unreal Projects/HitAndRun/Content/TopDownHybrid/Sounds/Sfx/trouble.ubulk" 1852
"C:/Users/period 5/Documents/Unreal Projects/HitAndRun/Content/TopDownHybrid/Sounds/Sfx/trouble.uasset" 1853
"C:/Users/period 5/Documents/Unreal Projects/HitAndRun/Content/TopDownHybrid/Sounds/Sfx/trouble.uexp" 1854
"C:/Users/period 5/Documents/Unreal Projects/HitAndRun/Content/TopDownHybrid/Sounds/Sfx/413749__inspectorj__ui-confirmation-alert-d1.ubulk" 1855
"C:/Users/period 5/Documents/Unreal Projects/HitAndRun/Content/TopDownHybrid/Sounds/Sfx/413749__inspectorj__ui-confirmation-alert-d1.uasset" 1856
"C:/Users/period 5/Documents/Unreal Projects/HitAndRun/Content/TopDownHybrid/Sounds/Sfx/413749__inspectorj__ui-confirmation-alert-d1.uexp" 1857
"C:/Users/period 5/Documents/Unreal Projects/HitAndRun/Content/TopDownHybrid/Sounds/Sfx/364658__original_sound__notification.ubulk" 1858
"C:/Users/period 5/Documents/Unreal Projects/HitAndRun/Content/TopDownHybrid/Sounds/Sfx/364658__original_sound__notification.uasset" 1859
"C:/Users/period 5/Documents/Unreal Projects/HitAndRun/Content/TopDownHybrid/Sounds/Sfx/364658__original_sound__notification.uexp" 1860
"C:/Users/period 5/Documents/Unreal Projects/HitAndRun/Content/TopDownHybrid/Sounds/Music/sentibub_real_.ubulk" 1861
"C:/Users/period 5/Documents/Unreal Projects/HitAndRun/Content/TopDownHybrid/Sounds/Music/sentibub_real_.uasset" 1862
"C:/Users/period 5/Documents/Unreal Projects/HitAndRun/Content/TopDownHybrid/Sounds/Music/sentibub_real_.uexp" 1863
"C:/Users/period 5/Documents/Unreal Projects/HitAndRun/Content/TopDownHybrid/Sounds/Music/Pressing_Charges.ubulk" 1864
"C:/Users/period 5/Documents/Unreal Projects/HitAndRun/Content/TopDownHybrid/Sounds/Music/Pressing_Charges.uasset" 1865
"C:/Users/period 5/Documents/Unreal Projects/HitAndRun/Content/TopDownHybrid/Sounds/Music/Pressing_Charges.uexp" 1866
"../../../Engine/Content/Functions/Engine_MaterialFunctions01/Shading/ConvertFromDiffSpec.uasset" 1867
"../../../Engine/Content/Functions/Engine_MaterialFunctions01/Shading/ConvertFromDiffSpec.uexp" 1868
"../../../Engine/Content/EditorMaterials/MatineeGroups/MAT_Groups_Graph_On.uasset" 1869
"../../../Engine/Content/EditorMaterials/MatineeGroups/MAT_Groups_Graph_On.uexp" 1870
"../../../Engine/Content/EditorMaterials/MatineeGroups/MAT_Groups_Graph_On_Mat.uasset" 1871
"../../../Engine/Content/EditorMaterials/MatineeGroups/MAT_Groups_Graph_On_Mat.uexp" 1872
"C:/Users/period 5/Documents/Unreal Projects/HitAndRun/Content/PaperAssets/Enemies/IMG_8036-ezgif_com-gif-to-sprite-converter.uasset" 1873
"C:/Users/period 5/Documents/Unreal Projects/HitAndRun/Content/PaperAssets/Enemies/IMG_8036-ezgif_com-gif-to-sprite-converter.uexp" 1874
"C:/Users/period 5/Documents/Unreal Projects/HitAndRun/Content/PaperAssets/Enemies/IMG_8036-ezgif_com-gif-to-sprite-converter_Sprite_7.uasset" 1875
"C:/Users/period 5/Documents/Unreal Projects/HitAndRun/Content/PaperAssets/Enemies/IMG_8036-ezgif_com-gif-to-sprite-converter_Sprite_7.uexp" 1876
"C:/Users/period 5/Documents/Unreal Projects/HitAndRun/Content/PaperAssets/Enemies/IMG_8036-ezgif_com-gif-to-sprite-converter_Sprite_8.uasset" 1877
"C:/Users/period 5/Documents/Unreal Projects/HitAndRun/Content/PaperAssets/Enemies/IMG_8036-ezgif_com-gif-to-sprite-converter_Sprite_8.uexp" 1878
"C:/Users/period 5/Documents/Unreal Projects/HitAndRun/Content/PaperAssets/Enemies/IMG_8036-ezgif_com-gif-to-sprite-converter_Sprite_9.uasset" 1879
"C:/Users/period 5/Documents/Unreal Projects/HitAndRun/Content/PaperAssets/Enemies/IMG_8036-ezgif_com-gif-to-sprite-converter_Sprite_9.uexp" 1880
"C:/Users/period 5/Documents/Unreal Projects/HitAndRun/Content/PaperAssets/Enemies/Enemy6_Walk.uasset" 1881
"C:/Users/period 5/Documents/Unreal Projects/HitAndRun/Content/PaperAssets/Enemies/Enemy6_Walk.uexp" 1882
"C:/Users/period 5/Documents/Unreal Projects/HitAndRun/Content/PaperAssets/Enemies/AS_Enemy6.uasset" 1883
"C:/Users/period 5/Documents/Unreal Projects/HitAndRun/Content/PaperAssets/Enemies/AS_Enemy6.uexp" 1884
"C:/Users/period 5/Documents/Unreal Projects/HitAndRun/Content/PaperAssets/Enemies/AnimSequences/Enemy6_Walk.uasset" 1885
"C:/Users/period 5/Documents/Unreal Projects/HitAndRun/Content/PaperAssets/Enemies/AnimSequences/Enemy6_Walk.uexp" 1886
"C:/Users/period 5/Documents/Unreal Projects/HitAndRun/Content/PaperAssets/Enemies/IMG_8036-ezgif_com-gif-to-sprite-converter_Sprite_0.uasset" 1887
"C:/Users/period 5/Documents/Unreal Projects/HitAndRun/Content/PaperAssets/Enemies/IMG_8036-ezgif_com-gif-to-sprite-converter_Sprite_0.uexp" 1888
"C:/Users/period 5/Documents/Unreal Projects/HitAndRun/Content/PaperAssets/Enemies/IMG_8036-ezgif_com-gif-to-sprite-converter_Sprite_1.uasset" 1889
"C:/Users/period 5/Documents/Unreal Projects/HitAndRun/Content/PaperAssets/Enemies/IMG_8036-ezgif_com-gif-to-sprite-converter_Sprite_1.uexp" 1890
"C:/Users/period 5/Documents/Unreal Projects/HitAndRun/Content/PaperAssets/Enemies/IMG_8036-ezgif_com-gif-to-sprite-converter_Sprite_2.uasset" 1891
"C:/Users/period 5/Documents/Unreal Projects/HitAndRun/Content/PaperAssets/Enemies/IMG_8036-ezgif_com-gif-to-sprite-converter_Sprite_2.uexp" 1892
"C:/Users/period 5/Documents/Unreal Projects/HitAndRun/Content/PaperAssets/Enemies/IMG_8036-ezgif_com-gif-to-sprite-converter_Sprite_3.uasset" 1893
"C:/Users/period 5/Documents/Unreal Projects/HitAndRun/Content/PaperAssets/Enemies/IMG_8036-ezgif_com-gif-to-sprite-converter_Sprite_3.uexp" 1894
"C:/Users/period 5/Documents/Unreal Projects/HitAndRun/Content/PaperAssets/Enemies/IMG_8036-ezgif_com-gif-to-sprite-converter_Sprite_4.uasset" 1895
"C:/Users/period 5/Documents/Unreal Projects/HitAndRun/Content/PaperAssets/Enemies/IMG_8036-ezgif_com-gif-to-sprite-converter_Sprite_4.uexp" 1896
"C:/Users/period 5/Documents/Unreal Projects/HitAndRun/Content/PaperAssets/Enemies/IMG_8036-ezgif_com-gif-to-sprite-converter_Sprite_5.uasset" 1897
"C:/Users/period 5/Documents/Unreal Projects/HitAndRun/Content/PaperAssets/Enemies/IMG_8036-ezgif_com-gif-to-sprite-converter_Sprite_5.uexp" 1898
"C:/Users/period 5/Documents/Unreal Projects/HitAndRun/Content/PaperAssets/Enemies/IMG_8036-ezgif_com-gif-to-sprite-converter_Sprite_6.uasset" 1899
"C:/Users/period 5/Documents/Unreal Projects/HitAndRun/Content/PaperAssets/Enemies/IMG_8036-ezgif_com-gif-to-sprite-converter_Sprite_6.uexp" 1900
"C:/Users/period 5/Documents/Unreal Projects/HitAndRun/Content/PaperAssets/Enemies/Enemy6_Shoot.uasset" 1901
"C:/Users/period 5/Documents/Unreal Projects/HitAndRun/Content/PaperAssets/Enemies/Enemy6_Shoot.uexp" 1902
"C:/Users/period 5/Documents/Unreal Projects/HitAndRun/Content/PaperAssets/Enemies/AnimSequences/Enemy6_Shoot.uasset" 1903
"C:/Users/period 5/Documents/Unreal Projects/HitAndRun/Content/PaperAssets/Enemies/AnimSequences/Enemy6_Shoot.uexp" 1904
"C:/Users/period 5/Documents/Unreal Projects/HitAndRun/Content/PaperAssets/Enemies/IMG_8036-ezgif_com-gif-to-sprite-converter_Sprite_10.uasset" 1905
"C:/Users/period 5/Documents/Unreal Projects/HitAndRun/Content/PaperAssets/Enemies/IMG_8036-ezgif_com-gif-to-sprite-converter_Sprite_10.uexp" 1906
"C:/Users/period 5/Documents/Unreal Projects/HitAndRun/Content/PaperAssets/Enemies/Enemy6_DMG.uasset" 1907
"C:/Users/period 5/Documents/Unreal Projects/HitAndRun/Content/PaperAssets/Enemies/Enemy6_DMG.uexp" 1908
"C:/Users/period 5/Documents/Unreal Projects/HitAndRun/Content/PaperAssets/Enemies/AnimSequences/Enemy6_DMG.uasset" 1909
"C:/Users/period 5/Documents/Unreal Projects/HitAndRun/Content/PaperAssets/Enemies/AnimSequences/Enemy6_DMG.uexp" 1910
"C:/Users/period 5/Documents/Unreal Projects/HitAndRun/Content/PaperAssets/Enemies/ABP_Enemy6.uasset" 1911
"C:/Users/period 5/Documents/Unreal Projects/HitAndRun/Content/PaperAssets/Enemies/ABP_Enemy6.uexp" 1912
"C:/Users/period 5/Documents/Unreal Projects/HitAndRun/Content/TopDownHybrid/Sounds/Sfx/532140__j1987__wet_plastic_slap.ubulk" 1913
"C:/Users/period 5/Documents/Unreal Projects/HitAndRun/Content/TopDownHybrid/Sounds/Sfx/532140__j1987__wet_plastic_slap.uasset" 1914
"C:/Users/period 5/Documents/Unreal Projects/HitAndRun/Content/TopDownHybrid/Sounds/Sfx/532140__j1987__wet_plastic_slap.uexp" 1915
"C:/Users/period 5/Documents/Unreal Projects/HitAndRun/Content/TopDownHybrid/Sounds/Sfx/wet_shot.uasset" 1916
"C:/Users/period 5/Documents/Unreal Projects/HitAndRun/Content/TopDownHybrid/Sounds/Sfx/wet_shot.uexp" 1917
"C:/Users/period 5/Documents/Unreal Projects/HitAndRun/Content/TopDownHybrid/Sounds/Sfx/528834__magnuswaker__meaty-splosh.ubulk" 1918
"C:/Users/period 5/Documents/Unreal Projects/HitAndRun/Content/TopDownHybrid/Sounds/Sfx/528834__magnuswaker__meaty-splosh.uasset" 1919
"C:/Users/period 5/Documents/Unreal Projects/HitAndRun/Content/TopDownHybrid/Sounds/Sfx/528834__magnuswaker__meaty-splosh.uexp" 1920
"C:/Users/period 5/Documents/Unreal Projects/HitAndRun/Content/TopDownHybrid/Blueprints/enemies/BP_Enemy6.uasset" 1921
"C:/Users/period 5/Documents/Unreal Projects/HitAndRun/Content/TopDownHybrid/Blueprints/enemies/BP_Enemy6.uexp" 1922
"../../../Engine/Content/EngineMaterials/DefaultWhiteGrid.ubulk" 1923
"../../../Engine/Content/EngineMaterials/DefaultWhiteGrid.uasset" 1924
"../../../Engine/Content/EngineMaterials/DefaultWhiteGrid.uexp" 1925
"../../../Engine/Content/EngineDebugMaterials/MAT_LevelColorationLitLightmapUV.uasset" 1926
"../../../Engine/Content/EngineDebugMaterials/MAT_LevelColorationLitLightmapUV.uexp" 1927
"C:/Users/period 5/Documents/Unreal Projects/HitAndRun/Content/PaperAssets/Enemies/ezgif_com-gif-to-sprite-converter__1_.ubulk" 1928
"C:/Users/period 5/Documents/Unreal Projects/HitAndRun/Content/PaperAssets/Enemies/ezgif_com-gif-to-sprite-converter__1_.uasset" 1929
"C:/Users/period 5/Documents/Unreal Projects/HitAndRun/Content/PaperAssets/Enemies/ezgif_com-gif-to-sprite-converter__1_.uexp" 1930
"C:/Users/period 5/Documents/Unreal Projects/HitAndRun/Content/PaperAssets/Enemies/ezgif_com-gif-to-sprite-converter__1__Sprite_0.uasset" 1931
"C:/Users/period 5/Documents/Unreal Projects/HitAndRun/Content/PaperAssets/Enemies/ezgif_com-gif-to-sprite-converter__1__Sprite_0.uexp" 1932
"C:/Users/period 5/Documents/Unreal Projects/HitAndRun/Content/PaperAssets/Enemies/ezgif_com-gif-to-sprite-converter__1__Sprite_1.uasset" 1933
"C:/Users/period 5/Documents/Unreal Projects/HitAndRun/Content/PaperAssets/Enemies/ezgif_com-gif-to-sprite-converter__1__Sprite_1.uexp" 1934
"C:/Users/period 5/Documents/Unreal Projects/HitAndRun/Content/PaperAssets/Enemies/ezgif_com-gif-to-sprite-converter__1__Sprite_2.uasset" 1935
"C:/Users/period 5/Documents/Unreal Projects/HitAndRun/Content/PaperAssets/Enemies/ezgif_com-gif-to-sprite-converter__1__Sprite_2.uexp" 1936
"C:/Users/period 5/Documents/Unreal Projects/HitAndRun/Content/PaperAssets/Enemies/ezgif_com-gif-to-sprite-converter__1__Sprite_3.uasset" 1937
"C:/Users/period 5/Documents/Unreal Projects/HitAndRun/Content/PaperAssets/Enemies/ezgif_com-gif-to-sprite-converter__1__Sprite_3.uexp" 1938
"C:/Users/period 5/Documents/Unreal Projects/HitAndRun/Content/PaperAssets/Enemies/Enemy5_Idle.uasset" 1939
"C:/Users/period 5/Documents/Unreal Projects/HitAndRun/Content/PaperAssets/Enemies/Enemy5_Idle.uexp" 1940
"C:/Users/period 5/Documents/Unreal Projects/HitAndRun/Content/PaperAssets/Enemies/AS_Enemy5.uasset" 1941
"C:/Users/period 5/Documents/Unreal Projects/HitAndRun/Content/PaperAssets/Enemies/AS_Enemy5.uexp" 1942
"C:/Users/period 5/Documents/Unreal Projects/HitAndRun/Content/PaperAssets/Enemies/ezgif_com-gif-to-sprite-converter__1__Sprite_4.uasset" 1943
"C:/Users/period 5/Documents/Unreal Projects/HitAndRun/Content/PaperAssets/Enemies/ezgif_com-gif-to-sprite-converter__1__Sprite_4.uexp" 1944
"C:/Users/period 5/Documents/Unreal Projects/HitAndRun/Content/PaperAssets/Enemies/ezgif_com-gif-to-sprite-converter__1__Sprite_5.uasset" 1945
"C:/Users/period 5/Documents/Unreal Projects/HitAndRun/Content/PaperAssets/Enemies/ezgif_com-gif-to-sprite-converter__1__Sprite_5.uexp" 1946
"C:/Users/period 5/Documents/Unreal Projects/HitAndRun/Content/PaperAssets/Enemies/ezgif_com-gif-to-sprite-converter__1__Sprite_6.uasset" 1947
"C:/Users/period 5/Documents/Unreal Projects/HitAndRun/Content/PaperAssets/Enemies/ezgif_com-gif-to-sprite-converter__1__Sprite_6.uexp" 1948
"C:/Users/period 5/Documents/Unreal Projects/HitAndRun/Content/PaperAssets/Enemies/Enemy5_Teleport.uasset" 1949
"C:/Users/period 5/Documents/Unreal Projects/HitAndRun/Content/PaperAssets/Enemies/Enemy5_Teleport.uexp" 1950
"C:/Users/period 5/Documents/Unreal Projects/HitAndRun/Content/PaperAssets/Enemies/AnimSequences/Enemy5_Teleport.uasset" 1951
"C:/Users/period 5/Documents/Unreal Projects/HitAndRun/Content/PaperAssets/Enemies/AnimSequences/Enemy5_Teleport.uexp" 1952
"C:/Users/period 5/Documents/Unreal Projects/HitAndRun/Content/PaperAssets/Enemies/AnimSequences/Enemy5_Idle.uasset" 1953
"C:/Users/period 5/Documents/Unreal Projects/HitAndRun/Content/PaperAssets/Enemies/AnimSequences/Enemy5_Idle.uexp" 1954
"C:/Users/period 5/Documents/Unreal Projects/HitAndRun/Content/PaperAssets/Enemies/ezgif_com-gif-to-sprite-converter__1__Sprite_7.uasset" 1955
"C:/Users/period 5/Documents/Unreal Projects/HitAndRun/Content/PaperAssets/Enemies/ezgif_com-gif-to-sprite-converter__1__Sprite_7.uexp" 1956
"C:/Users/period 5/Documents/Unreal Projects/HitAndRun/Content/PaperAssets/Enemies/Enemy5_DMG.uasset" 1957
"C:/Users/period 5/Documents/Unreal Projects/HitAndRun/Content/PaperAssets/Enemies/Enemy5_DMG.uexp" 1958
"C:/Users/period 5/Documents/Unreal Projects/HitAndRun/Content/PaperAssets/Enemies/AnimSequences/Enemy5_DMG.uasset" 1959
"C:/Users/period 5/Documents/Unreal Projects/HitAndRun/Content/PaperAssets/Enemies/AnimSequences/Enemy5_DMG.uexp" 1960
"C:/Users/period 5/Documents/Unreal Projects/HitAndRun/Content/PaperAssets/Enemies/ABP_Enemy5.uasset" 1961
"C:/Users/period 5/Documents/Unreal Projects/HitAndRun/Content/PaperAssets/Enemies/ABP_Enemy5.uexp" 1962
"C:/Users/period 5/Documents/Unreal Projects/HitAndRun/Content/TopDownHybrid/Blueprints/enemies/BP_Enemy5.uasset" 1963
"C:/Users/period 5/Documents/Unreal Projects/HitAndRun/Content/TopDownHybrid/Blueprints/enemies/BP_Enemy5.uexp" 1964
"../../../Engine/Content/VREditor/LaserPointer/M_LaserPointer-Core.uasset" 1965
"../../../Engine/Content/VREditor/LaserPointer/M_LaserPointer-Core.uexp" 1966
"C:/Users/period 5/Documents/Unreal Projects/HitAndRun/Content/PaperAssets/Enemies/IMG_8023-ezgif_com-gif-to-sprite-converter.uasset" 1967
"C:/Users/period 5/Documents/Unreal Projects/HitAndRun/Content/PaperAssets/Enemies/IMG_8023-ezgif_com-gif-to-sprite-converter.uexp" 1968
"C:/Users/period 5/Documents/Unreal Projects/HitAndRun/Content/PaperAssets/Enemies/IMG_8023-ezgif_com-gif-to-sprite-converter_Sprite_0.uasset" 1969
"C:/Users/period 5/Documents/Unreal Projects/HitAndRun/Content/PaperAssets/Enemies/IMG_8023-ezgif_com-gif-to-sprite-converter_Sprite_0.uexp" 1970
"C:/Users/period 5/Documents/Unreal Projects/HitAndRun/Content/PaperAssets/Enemies/Enemy4_Idle.uasset" 1971
"C:/Users/period 5/Documents/Unreal Projects/HitAndRun/Content/PaperAssets/Enemies/Enemy4_Idle.uexp" 1972
"C:/Users/period 5/Documents/Unreal Projects/HitAndRun/Content/PaperAssets/Enemies/AS_Enemy4.uasset" 1973
"C:/Users/period 5/Documents/Unreal Projects/HitAndRun/Content/PaperAssets/Enemies/AS_Enemy4.uexp" 1974
"C:/Users/period 5/Documents/Unreal Projects/HitAndRun/Content/PaperAssets/Enemies/IMG_8023-ezgif_com-gif-to-sprite-converter_Sprite_1.uasset" 1975
"C:/Users/period 5/Documents/Unreal Projects/HitAndRun/Content/PaperAssets/Enemies/IMG_8023-ezgif_com-gif-to-sprite-converter_Sprite_1.uexp" 1976
"C:/Users/period 5/Documents/Unreal Projects/HitAndRun/Content/PaperAssets/Enemies/IMG_8023-ezgif_com-gif-to-sprite-converter_Sprite_2.uasset" 1977
"C:/Users/period 5/Documents/Unreal Projects/HitAndRun/Content/PaperAssets/Enemies/IMG_8023-ezgif_com-gif-to-sprite-converter_Sprite_2.uexp" 1978
"C:/Users/period 5/Documents/Unreal Projects/HitAndRun/Content/PaperAssets/Enemies/IMG_8023-ezgif_com-gif-to-sprite-converter_Sprite_3.uasset" 1979
"C:/Users/period 5/Documents/Unreal Projects/HitAndRun/Content/PaperAssets/Enemies/IMG_8023-ezgif_com-gif-to-sprite-converter_Sprite_3.uexp" 1980
"C:/Users/period 5/Documents/Unreal Projects/HitAndRun/Content/PaperAssets/Enemies/IMG_8023-ezgif_com-gif-to-sprite-converter_Sprite_4.uasset" 1981
"C:/Users/period 5/Documents/Unreal Projects/HitAndRun/Content/PaperAssets/Enemies/IMG_8023-ezgif_com-gif-to-sprite-converter_Sprite_4.uexp" 1982
"C:/Users/period 5/Documents/Unreal Projects/HitAndRun/Content/PaperAssets/Enemies/Enemy4_Shoot.uasset" 1983
"C:/Users/period 5/Documents/Unreal Projects/HitAndRun/Content/PaperAssets/Enemies/Enemy4_Shoot.uexp" 1984
"C:/Users/period 5/Documents/Unreal Projects/HitAndRun/Content/PaperAssets/Enemies/AnimSequences/Enemy4_Shoot.uasset" 1985
"C:/Users/period 5/Documents/Unreal Projects/HitAndRun/Content/PaperAssets/Enemies/AnimSequences/Enemy4_Shoot.uexp" 1986
"C:/Users/period 5/Documents/Unreal Projects/HitAndRun/Content/PaperAssets/Enemies/AnimSequences/Enemy4_Idle.uasset" 1987
"C:/Users/period 5/Documents/Unreal Projects/HitAndRun/Content/PaperAssets/Enemies/AnimSequences/Enemy4_Idle.uexp" 1988
"C:/Users/period 5/Documents/Unreal Projects/HitAndRun/Content/PaperAssets/Enemies/ABP_Enemy4.uasset" 1989
"C:/Users/period 5/Documents/Unreal Projects/HitAndRun/Content/PaperAssets/Enemies/ABP_Enemy4.uexp" 1990
"C:/Users/period 5/Documents/Unreal Projects/HitAndRun/Content/TopDownHybrid/Sounds/Sfx/118653__pyzaist__machine.ubulk" 1991
"C:/Users/period 5/Documents/Unreal Projects/HitAndRun/Content/TopDownHybrid/Sounds/Sfx/118653__pyzaist__machine.uasset" 1992
"C:/Users/period 5/Documents/Unreal Projects/HitAndRun/Content/TopDownHybrid/Sounds/Sfx/118653__pyzaist__machine.uexp" 1993
"C:/Users/period 5/Documents/Unreal Projects/HitAndRun/Content/TopDownHybrid/Blueprints/enemies/BP_Enemy4.uasset" 1994
"C:/Users/period 5/Documents/Unreal Projects/HitAndRun/Content/TopDownHybrid/Blueprints/enemies/BP_Enemy4.uexp" 1995
"../../../Engine/Content/EngineMaterials/NaniteHiddenSectionMaterial.uasset" 1996
"../../../Engine/Content/EngineMaterials/NaniteHiddenSectionMaterial.uexp" 1997
"C:/Users/period 5/Documents/Unreal Projects/HitAndRun/Content/PaperAssets/Enemies/IMG_8040-ezgif_com-gif-to-sprite-converter2.uasset" 1998
"C:/Users/period 5/Documents/Unreal Projects/HitAndRun/Content/PaperAssets/Enemies/IMG_8040-ezgif_com-gif-to-sprite-converter2.uexp" 1999
"C:/Users/period 5/Documents/Unreal Projects/HitAndRun/Content/PaperAssets/Enemies/IMG_8040-ezgif_com-gif-to-sprite-converter_Sprite_0.uasset" 2000
"C:/Users/period 5/Documents/Unreal Projects/HitAndRun/Content/PaperAssets/Enemies/IMG_8040-ezgif_com-gif-to-sprite-converter_Sprite_0.uexp" 2001
"C:/Users/period 5/Documents/Unreal Projects/HitAndRun/Content/PaperAssets/Enemies/Enemy3_Idle.uasset" 2002
"C:/Users/period 5/Documents/Unreal Projects/HitAndRun/Content/PaperAssets/Enemies/Enemy3_Idle.uexp" 2003
"C:/Users/period 5/Documents/Unreal Projects/HitAndRun/Content/PaperAssets/Enemies/AS_Enemy3.uasset" 2004
"C:/Users/period 5/Documents/Unreal Projects/HitAndRun/Content/PaperAssets/Enemies/AS_Enemy3.uexp" 2005
"C:/Users/period 5/Documents/Unreal Projects/HitAndRun/Content/PaperAssets/Enemies/IMG_8040-ezgif_com-gif-to-sprite-converter_Sprite_4.uasset" 2006
"C:/Users/period 5/Documents/Unreal Projects/HitAndRun/Content/PaperAssets/Enemies/IMG_8040-ezgif_com-gif-to-sprite-converter_Sprite_4.uexp" 2007
"C:/Users/period 5/Documents/Unreal Projects/HitAndRun/Content/PaperAssets/Enemies/IMG_8040-ezgif_com-gif-to-sprite-converter_Sprite_5.uasset" 2008
"C:/Users/period 5/Documents/Unreal Projects/HitAndRun/Content/PaperAssets/Enemies/IMG_8040-ezgif_com-gif-to-sprite-converter_Sprite_5.uexp" 2009
"C:/Users/period 5/Documents/Unreal Projects/HitAndRun/Content/PaperAssets/Enemies/Enemy3_Walk.uasset" 2010
"C:/Users/period 5/Documents/Unreal Projects/HitAndRun/Content/PaperAssets/Enemies/Enemy3_Walk.uexp" 2011
"C:/Users/period 5/Documents/Unreal Projects/HitAndRun/Content/PaperAssets/Enemies/AnimSequences/Enemy3_Walk.uasset" 2012
"C:/Users/period 5/Documents/Unreal Projects/HitAndRun/Content/PaperAssets/Enemies/AnimSequences/Enemy3_Walk.uexp" 2013
"C:/Users/period 5/Documents/Unreal Projects/HitAndRun/Content/PaperAssets/Enemies/IMG_8040-ezgif_com-gif-to-sprite-converter_Sprite_1.uasset" 2014
"C:/Users/period 5/Documents/Unreal Projects/HitAndRun/Content/PaperAssets/Enemies/IMG_8040-ezgif_com-gif-to-sprite-converter_Sprite_1.uexp" 2015
"C:/Users/period 5/Documents/Unreal Projects/HitAndRun/Content/PaperAssets/Enemies/IMG_8040-ezgif_com-gif-to-sprite-converter_Sprite_2.uasset" 2016
"C:/Users/period 5/Documents/Unreal Projects/HitAndRun/Content/PaperAssets/Enemies/IMG_8040-ezgif_com-gif-to-sprite-converter_Sprite_2.uexp" 2017
"C:/Users/period 5/Documents/Unreal Projects/HitAndRun/Content/PaperAssets/Enemies/IMG_8040-ezgif_com-gif-to-sprite-converter_Sprite_3.uasset" 2018
"C:/Users/period 5/Documents/Unreal Projects/HitAndRun/Content/PaperAssets/Enemies/IMG_8040-ezgif_com-gif-to-sprite-converter_Sprite_3.uexp" 2019
"C:/Users/period 5/Documents/Unreal Projects/HitAndRun/Content/PaperAssets/Enemies/Enemy3_Shoot.uasset" 2020
"C:/Users/period 5/Documents/Unreal Projects/HitAndRun/Content/PaperAssets/Enemies/Enemy3_Shoot.uexp" 2021
"C:/Users/period 5/Documents/Unreal Projects/HitAndRun/Content/PaperAssets/Enemies/AnimSequences/Enemy3_Shoot.uasset" 2022
"C:/Users/period 5/Documents/Unreal Projects/HitAndRun/Content/PaperAssets/Enemies/AnimSequences/Enemy3_Shoot.uexp" 2023
"C:/Users/period 5/Documents/Unreal Projects/HitAndRun/Content/PaperAssets/Enemies/AnimSequences/Enemy3_Idle.uasset" 2024
"C:/Users/period 5/Documents/Unreal Projects/HitAndRun/Content/PaperAssets/Enemies/AnimSequences/Enemy3_Idle.uexp" 2025
"C:/Users/period 5/Documents/Unreal Projects/HitAndRun/Content/PaperAssets/Enemies/IMG_8040-ezgif_com-gif-to-sprite-converter_Sprite_6.uasset" 2026
"C:/Users/period 5/Documents/Unreal Projects/HitAndRun/Content/PaperAssets/Enemies/IMG_8040-ezgif_com-gif-to-sprite-converter_Sprite_6.uexp" 2027
"C:/Users/period 5/Documents/Unreal Projects/HitAndRun/Content/PaperAssets/Enemies/Enemy3_DMG.uasset" 2028
"C:/Users/period 5/Documents/Unreal Projects/HitAndRun/Content/PaperAssets/Enemies/Enemy3_DMG.uexp" 2029
"C:/Users/period 5/Documents/Unreal Projects/HitAndRun/Content/PaperAssets/Enemies/AnimSequences/Enemy3_DMG.uasset" 2030
"C:/Users/period 5/Documents/Unreal Projects/HitAndRun/Content/PaperAssets/Enemies/AnimSequences/Enemy3_DMG.uexp" 2031
"C:/Users/period 5/Documents/Unreal Projects/HitAndRun/Content/PaperAssets/Enemies/ABP_Enemy3.uasset" 2032
"C:/Users/period 5/Documents/Unreal Projects/HitAndRun/Content/PaperAssets/Enemies/ABP_Enemy3.uexp" 2033
"C:/Users/period 5/Documents/Unreal Projects/HitAndRun/Content/TopDownHybrid/Sounds/Sfx/gulpshot.ubulk" 2034
"C:/Users/period 5/Documents/Unreal Projects/HitAndRun/Content/TopDownHybrid/Sounds/Sfx/gulpshot.uasset" 2035
"C:/Users/period 5/Documents/Unreal Projects/HitAndRun/Content/TopDownHybrid/Sounds/Sfx/gulpshot.uexp" 2036
"C:/Users/period 5/Documents/Unreal Projects/HitAndRun/Content/TopDownHybrid/Blueprints/enemies/BP_Enemy3.uasset" 2037
"C:/Users/period 5/Documents/Unreal Projects/HitAndRun/Content/TopDownHybrid/Blueprints/enemies/BP_Enemy3.uexp" 2038
"../../../Engine/Content/ArtTools/RenderToTexture/Materials/Debug/M_Emissive_Color.uasset" 2039
"../../../Engine/Content/ArtTools/RenderToTexture/Materials/Debug/M_Emissive_Color.uexp" 2040
"../../../Engine/Content/ArtTools/RenderToTexture/Materials/Debug/M_Emissive_Color_127-127-0.uasset" 2041
"../../../Engine/Content/ArtTools/RenderToTexture/Materials/Debug/M_Emissive_Color_127-127-0.uexp" 2042
"C:/Users/period 5/Documents/Unreal Projects/HitAndRun/Content/PaperAssets/Enemies/ezgif_com-gif-to-sprite-converter.uasset" 2043
"C:/Users/period 5/Documents/Unreal Projects/HitAndRun/Content/PaperAssets/Enemies/ezgif_com-gif-to-sprite-converter.uexp" 2044
"C:/Users/period 5/Documents/Unreal Projects/HitAndRun/Content/PaperAssets/Enemies/ezgif_com-gif-to-sprite-converter_Sprite_0.uasset" 2045
"C:/Users/period 5/Documents/Unreal Projects/HitAndRun/Content/PaperAssets/Enemies/ezgif_com-gif-to-sprite-converter_Sprite_0.uexp" 2046
"C:/Users/period 5/Documents/Unreal Projects/HitAndRun/Content/PaperAssets/Enemies/Enemy2_Idle.uasset" 2047
"C:/Users/period 5/Documents/Unreal Projects/HitAndRun/Content/PaperAssets/Enemies/Enemy2_Idle.uexp" 2048
"C:/Users/period 5/Documents/Unreal Projects/HitAndRun/Content/PaperAssets/Enemies/AS_Enemy2.uasset" 2049
"C:/Users/period 5/Documents/Unreal Projects/HitAndRun/Content/PaperAssets/Enemies/AS_Enemy2.uexp" 2050
"C:/Users/period 5/Documents/Unreal Projects/HitAndRun/Content/PaperAssets/Enemies/ezgif_com-gif-to-sprite-converter_Sprite_1.uasset" 2051
"C:/Users/period 5/Documents/Unreal Projects/HitAndRun/Content/PaperAssets/Enemies/ezgif_com-gif-to-sprite-converter_Sprite_1.uexp" 2052
"C:/Users/period 5/Documents/Unreal Projects/HitAndRun/Content/PaperAssets/Enemies/ezgif_com-gif-to-sprite-converter_Sprite_2.uasset" 2053
"C:/Users/period 5/Documents/Unreal Projects/HitAndRun/Content/PaperAssets/Enemies/ezgif_com-gif-to-sprite-converter_Sprite_2.uexp" 2054
"C:/Users/period 5/Documents/Unreal Projects/HitAndRun/Content/PaperAssets/Enemies/ezgif_com-gif-to-sprite-converter_Sprite_3.uasset" 2055
"C:/Users/period 5/Documents/Unreal Projects/HitAndRun/Content/PaperAssets/Enemies/ezgif_com-gif-to-sprite-converter_Sprite_3.uexp" 2056
"C:/Users/period 5/Documents/Unreal Projects/HitAndRun/Content/PaperAssets/Enemies/Enemy2_Walk.uasset" 2057
"C:/Users/period 5/Documents/Unreal Projects/HitAndRun/Content/PaperAssets/Enemies/Enemy2_Walk.uexp" 2058
"C:/Users/period 5/Documents/Unreal Projects/HitAndRun/Content/PaperAssets/Enemies/AnimSequences/Enemy2_Walk.uasset" 2059
"C:/Users/period 5/Documents/Unreal Projects/HitAndRun/Content/PaperAssets/Enemies/AnimSequences/Enemy2_Walk.uexp" 2060
"C:/Users/period 5/Documents/Unreal Projects/HitAndRun/Content/PaperAssets/Enemies/AnimSequences/Enemy2_Idle.uasset" 2061
"C:/Users/period 5/Documents/Unreal Projects/HitAndRun/Content/PaperAssets/Enemies/AnimSequences/Enemy2_Idle.uexp" 2062
"C:/Users/period 5/Documents/Unreal Projects/HitAndRun/Content/PaperAssets/Enemies/ezgif_com-gif-to-sprite-converter_Sprite_4.uasset" 2063
"C:/Users/period 5/Documents/Unreal Projects/HitAndRun/Content/PaperAssets/Enemies/ezgif_com-gif-to-sprite-converter_Sprite_4.uexp" 2064
"C:/Users/period 5/Documents/Unreal Projects/HitAndRun/Content/PaperAssets/Enemies/Enemy2_DMG.uasset" 2065
"C:/Users/period 5/Documents/Unreal Projects/HitAndRun/Content/PaperAssets/Enemies/Enemy2_DMG.uexp" 2066
"C:/Users/period 5/Documents/Unreal Projects/HitAndRun/Content/PaperAssets/Enemies/AnimSequences/Enemy2_DMG.uasset" 2067
"C:/Users/period 5/Documents/Unreal Projects/HitAndRun/Content/PaperAssets/Enemies/AnimSequences/Enemy2_DMG.uexp" 2068
"C:/Users/period 5/Documents/Unreal Projects/HitAndRun/Content/PaperAssets/Enemies/ABP_Enemy2.uasset" 2069
"C:/Users/period 5/Documents/Unreal Projects/HitAndRun/Content/PaperAssets/Enemies/ABP_Enemy2.uexp" 2070
"C:/Users/period 5/Documents/Unreal Projects/HitAndRun/Content/TopDownHybrid/Sounds/Sfx/749810__rescopicsound__ui-beep-menu-negative-01.ubulk" 2071
"C:/Users/period 5/Documents/Unreal Projects/HitAndRun/Content/TopDownHybrid/Sounds/Sfx/749810__rescopicsound__ui-beep-menu-negative-01.uasset" 2072
"C:/Users/period 5/Documents/Unreal Projects/HitAndRun/Content/TopDownHybrid/Sounds/Sfx/749810__rescopicsound__ui-beep-menu-negative-01.uexp" 2073
"C:/Users/period 5/Documents/Unreal Projects/HitAndRun/Content/TopDownHybrid/Sounds/Sfx/464909__plasterbrain__arcade-splatter.ubulk" 2074
"C:/Users/period 5/Documents/Unreal Projects/HitAndRun/Content/TopDownHybrid/Sounds/Sfx/464909__plasterbrain__arcade-splatter.uasset" 2075
"C:/Users/period 5/Documents/Unreal Projects/HitAndRun/Content/TopDownHybrid/Sounds/Sfx/464909__plasterbrain__arcade-splatter.uexp" 2076
"C:/Users/period 5/Documents/Unreal Projects/HitAndRun/Content/TopDownHybrid/Blueprints/enemies/BP_Enemy2.uasset" 2077
"C:/Users/period 5/Documents/Unreal Projects/HitAndRun/Content/TopDownHybrid/Blueprints/enemies/BP_Enemy2.uexp" 2078
"../../../Engine/Content/EngineDebugMaterials/HeatmapGradient.ubulk" 2079
"../../../Engine/Content/EngineDebugMaterials/HeatmapGradient.uasset" 2080
"../../../Engine/Content/EngineDebugMaterials/HeatmapGradient.uexp" 2081
"../../../Engine/Content/EngineDebugMaterials/HeatmapMaterial.uasset" 2082
"../../../Engine/Content/EngineDebugMaterials/HeatmapMaterial.uexp" 2083
"../../../Engine/Plugins/Interchange/Assets/Content/Materials/PhongSurfaceMaterial.uasset" 2084
"../../../Engine/Plugins/Interchange/Assets/Content/Materials/PhongSurfaceMaterial.uexp" 2085
"C:/Users/period 5/Documents/Unreal Projects/HitAndRun/Content/Fab/Ice_Cream/icecreamcone3dmodel_basecolor.ubulk" 2086
"C:/Users/period 5/Documents/Unreal Projects/HitAndRun/Content/Fab/Ice_Cream/icecreamcone3dmodel_basecolor.uasset" 2087
"C:/Users/period 5/Documents/Unreal Projects/HitAndRun/Content/Fab/Ice_Cream/icecreamcone3dmodel_basecolor.uexp" 2088
"C:/Users/period 5/Documents/Unreal Projects/HitAndRun/Content/Fab/Ice_Cream/tripo_mat_366bb2d5.uasset" 2089
"C:/Users/period 5/Documents/Unreal Projects/HitAndRun/Content/Fab/Ice_Cream/tripo_mat_366bb2d5.uexp" 2090
"C:/Users/period 5/Documents/Unreal Projects/HitAndRun/Content/Fab/Ice_Cream/icecreamcone3dmodel.ubulk" 2091
"C:/Users/period 5/Documents/Unreal Projects/HitAndRun/Content/Fab/Ice_Cream/icecreamcone3dmodel.uasset" 2092
"C:/Users/period 5/Documents/Unreal Projects/HitAndRun/Content/Fab/Ice_Cream/icecreamcone3dmodel.uexp" 2093
"C:/Users/period 5/Documents/Unreal Projects/HitAndRun/Content/TopDownHybrid/Blueprints/Powerups/BP_Powerup3.uasset" 2094
"C:/Users/period 5/Documents/Unreal Projects/HitAndRun/Content/TopDownHybrid/Blueprints/Powerups/BP_Powerup3.uexp" 2095
"../../../Engine/Content/TemplateResources/MI_Template_BaseBlue.uasset" 2096
"../../../Engine/Content/TemplateResources/MI_Template_BaseBlue.uexp" 2097
"../../../Engine/Content/EditorMaterials/Cascade/CASC_Normal.uasset" 2098
"../../../Engine/Content/EditorMaterials/Cascade/CASC_Normal.uexp" 2099
"../../../Engine/Content/EditorMaterials/Cascade/CASC_RenderNormal_MAT.uasset" 2100
"../../../Engine/Content/EditorMaterials/Cascade/CASC_RenderNormal_MAT.uexp" 2101
"C:/Users/period 5/Documents/Unreal Projects/HitAndRun/Content/Fab/CC0_-_Snowflake/Snowflake.uasset" 2102
"C:/Users/period 5/Documents/Unreal Projects/HitAndRun/Content/Fab/CC0_-_Snowflake/Snowflake.uexp" 2103
"C:/Users/period 5/Documents/Unreal Projects/HitAndRun/Content/Fab/CC0_-_Snowflake/Snowflake1.ubulk" 2104
"C:/Users/period 5/Documents/Unreal Projects/HitAndRun/Content/Fab/CC0_-_Snowflake/Snowflake1.uasset" 2105
"C:/Users/period 5/Documents/Unreal Projects/HitAndRun/Content/Fab/CC0_-_Snowflake/Snowflake1.uexp" 2106
"C:/Users/period 5/Documents/Unreal Projects/HitAndRun/Content/TopDownHybrid/Blueprints/Powerups/BP_Powerup2.uasset" 2107
"C:/Users/period 5/Documents/Unreal Projects/HitAndRun/Content/TopDownHybrid/Blueprints/Powerups/BP_Powerup2.uexp" 2108
"C:/Users/period 5/Documents/Unreal Projects/HitAndRun/Content/MSPresets/MS_DefaultTextures/T_Alpha_Black.ubulk" 2109
"C:/Users/period 5/Documents/Unreal Projects/HitAndRun/Content/MSPresets/MS_DefaultTextures/T_Alpha_Black.uasset" 2110
"C:/Users/period 5/Documents/Unreal Projects/HitAndRun/Content/MSPresets/MS_DefaultTextures/T_Alpha_Black.uexp" 2111
"C:/Users/period 5/Documents/Unreal Projects/HitAndRun/Content/MSPresets/MS_DefaultTextures/T_Normal.ubulk" 2112
"C:/Users/period 5/Documents/Unreal Projects/HitAndRun/Content/MSPresets/MS_DefaultTextures/T_Normal.uasset" 2113
"C:/Users/period 5/Documents/Unreal Projects/HitAndRun/Content/MSPresets/MS_DefaultTextures/T_Normal.uexp" 2114
"C:/Users/period 5/Documents/Unreal Projects/HitAndRun/Content/MSPresets/MS_DefaultTextures/T_srgb_Black.ubulk" 2115
"C:/Users/period 5/Documents/Unreal Projects/HitAndRun/Content/MSPresets/MS_DefaultTextures/T_srgb_Black.uasset" 2116
"C:/Users/period 5/Documents/Unreal Projects/HitAndRun/Content/MSPresets/MS_DefaultTextures/T_srgb_Black.uexp" 2117
"C:/Users/period 5/Documents/Unreal Projects/HitAndRun/Content/MSPresets/MS_DefaultTextures/T_Alpha_Grey.ubulk" 2118
"C:/Users/period 5/Documents/Unreal Projects/HitAndRun/Content/MSPresets/MS_DefaultTextures/T_Alpha_Grey.uasset" 2119
"C:/Users/period 5/Documents/Unreal Projects/HitAndRun/Content/MSPresets/MS_DefaultTextures/T_Alpha_Grey.uexp" 2120
"C:/Users/period 5/Documents/Unreal Projects/HitAndRun/Content/MSPresets/MS_DefaultMaterial/Functions/MF_DetailNormalTiling.uasset" 2121
"C:/Users/period 5/Documents/Unreal Projects/HitAndRun/Content/MSPresets/MS_DefaultMaterial/Functions/MF_DetailNormalTiling.uexp" 2122
"C:/Users/period 5/Documents/Unreal Projects/HitAndRun/Content/MSPresets/MS_DefaultMaterial/Functions/MF_Emissive.uasset" 2123
"C:/Users/period 5/Documents/Unreal Projects/HitAndRun/Content/MSPresets/MS_DefaultMaterial/Functions/MF_Emissive.uexp" 2124
"C:/Users/period 5/Documents/Unreal Projects/HitAndRun/Content/MSPresets/MS_DefaultMaterial/Functions/MF_MapAdjustments.uasset" 2125
"C:/Users/period 5/Documents/Unreal Projects/HitAndRun/Content/MSPresets/MS_DefaultMaterial/Functions/MF_MapAdjustments.uexp" 2126
"C:/Users/period 5/Documents/Unreal Projects/HitAndRun/Content/MSPresets/MS_DefaultMaterial/Functions/MF_Tiling.uasset" 2127
"C:/Users/period 5/Documents/Unreal Projects/HitAndRun/Content/MSPresets/MS_DefaultMaterial/Functions/MF_Tiling.uexp" 2128
"C:/Users/period 5/Documents/Unreal Projects/HitAndRun/Content/MSPresets/MS_DefaultMaterial/MS_DefaultMaterial.uasset" 2129
"C:/Users/period 5/Documents/Unreal Projects/HitAndRun/Content/MSPresets/MS_DefaultMaterial/MS_DefaultMaterial.uexp" 2130
"C:/Users/period 5/Documents/Unreal Projects/HitAndRun/Content/Fab/Plastic_Gas_Can_Scan_LOWPOLY/Textures/PlasticGasCan1_PBR_StoA_Diffuse.ubulk" 2131
"C:/Users/period 5/Documents/Unreal Projects/HitAndRun/Content/Fab/Plastic_Gas_Can_Scan_LOWPOLY/Textures/PlasticGasCan1_PBR_StoA_Diffuse.uasset" 2132
"C:/Users/period 5/Documents/Unreal Projects/HitAndRun/Content/Fab/Plastic_Gas_Can_Scan_LOWPOLY/Textures/PlasticGasCan1_PBR_StoA_Diffuse.uexp" 2133
"C:/Users/period 5/Documents/Unreal Projects/HitAndRun/Content/Fab/Plastic_Gas_Can_Scan_LOWPOLY/Materials/PlasticGasCan1_PBR_StoA.uasset" 2134
"C:/Users/period 5/Documents/Unreal Projects/HitAndRun/Content/Fab/Plastic_Gas_Can_Scan_LOWPOLY/Materials/PlasticGasCan1_PBR_StoA.uexp" 2135
"C:/Users/period 5/Documents/Unreal Projects/HitAndRun/Content/Fab/Plastic_Gas_Can_Scan_LOWPOLY/PlasticGasCan1LOWPOLY.ubulk" 2136
"C:/Users/period 5/Documents/Unreal Projects/HitAndRun/Content/Fab/Plastic_Gas_Can_Scan_LOWPOLY/PlasticGasCan1LOWPOLY.uasset" 2137
"C:/Users/period 5/Documents/Unreal Projects/HitAndRun/Content/Fab/Plastic_Gas_Can_Scan_LOWPOLY/PlasticGasCan1LOWPOLY.uexp" 2138
"C:/Users/period 5/Documents/Unreal Projects/HitAndRun/Content/TopDownHybrid/Blueprints/Powerups/BP_Powerup1.uasset" 2139
"C:/Users/period 5/Documents/Unreal Projects/HitAndRun/Content/TopDownHybrid/Blueprints/Powerups/BP_Powerup1.uexp" 2140
"C:/Users/period 5/Documents/Unreal Projects/HitAndRun/Content/TopDownHybrid/Blueprints/Obstacles/BP_Super_Obstacle.uasset" 2141
"C:/Users/period 5/Documents/Unreal Projects/HitAndRun/Content/TopDownHybrid/Blueprints/Obstacles/BP_Super_Obstacle.uexp" 2142
"C:/Users/period 5/Documents/Unreal Projects/HitAndRun/Content/Construction_VOL1/Textures/Unique/TX_Boxes_01a_RMA.ubulk" 2143
"C:/Users/period 5/Documents/Unreal Projects/HitAndRun/Content/Construction_VOL1/Textures/Unique/TX_Boxes_01a_RMA.uasset" 2144
"C:/Users/period 5/Documents/Unreal Projects/HitAndRun/Content/Construction_VOL1/Textures/Unique/TX_Boxes_01a_RMA.uexp" 2145
"C:/Users/period 5/Documents/Unreal Projects/HitAndRun/Content/Construction_VOL1/Textures/Unique/TX_Boxes_01a_NRM.ubulk" 2146
"C:/Users/period 5/Documents/Unreal Projects/HitAndRun/Content/Construction_VOL1/Textures/Unique/TX_Boxes_01a_NRM.uasset" 2147
"C:/Users/period 5/Documents/Unreal Projects/HitAndRun/Content/Construction_VOL1/Textures/Unique/TX_Boxes_01a_NRM.uexp" 2148
"C:/Users/period 5/Documents/Unreal Projects/HitAndRun/Content/Construction_VOL1/Textures/Unique/TX_Boxes_01a_ALB.ubulk" 2149
"C:/Users/period 5/Documents/Unreal Projects/HitAndRun/Content/Construction_VOL1/Textures/Unique/TX_Boxes_01a_ALB.uasset" 2150
"C:/Users/period 5/Documents/Unreal Projects/HitAndRun/Content/Construction_VOL1/Textures/Unique/TX_Boxes_01a_ALB.uexp" 2151
"C:/Users/period 5/Documents/Unreal Projects/HitAndRun/Content/Construction_VOL1/Materials/Instances/MI_CardboardBoxes_01a.uasset" 2152
"C:/Users/period 5/Documents/Unreal Projects/HitAndRun/Content/Construction_VOL1/Materials/Instances/MI_CardboardBoxes_01a.uexp" 2153
"C:/Users/period 5/Documents/Unreal Projects/HitAndRun/Content/Construction_VOL1/Meshes/SM_Boxes_01a.ubulk" 2154
"C:/Users/period 5/Documents/Unreal Projects/HitAndRun/Content/Construction_VOL1/Meshes/SM_Boxes_01a.uasset" 2155
"C:/Users/period 5/Documents/Unreal Projects/HitAndRun/Content/Construction_VOL1/Meshes/SM_Boxes_01a.uexp" 2156
"C:/Users/period 5/Documents/Unreal Projects/HitAndRun/Content/TopDownHybrid/Blueprints/Obstacles/BP_Obstacle_Normal4.uasset" 2157
"C:/Users/period 5/Documents/Unreal Projects/HitAndRun/Content/TopDownHybrid/Blueprints/Obstacles/BP_Obstacle_Normal4.uexp" 2158
"C:/Users/period 5/Documents/Unreal Projects/HitAndRun/Content/Construction_VOL1/Textures/Unique/TX_Dumpster_RMA.ubulk" 2159
"C:/Users/period 5/Documents/Unreal Projects/HitAndRun/Content/Construction_VOL1/Textures/Unique/TX_Dumpster_RMA.uasset" 2160
"C:/Users/period 5/Documents/Unreal Projects/HitAndRun/Content/Construction_VOL1/Textures/Unique/TX_Dumpster_RMA.uexp" 2161
"C:/Users/period 5/Documents/Unreal Projects/HitAndRun/Content/Construction_VOL1/Textures/Unique/TX_Dumpster_NRM.ubulk" 2162
"C:/Users/period 5/Documents/Unreal Projects/HitAndRun/Content/Construction_VOL1/Textures/Unique/TX_Dumpster_NRM.uasset" 2163
"C:/Users/period 5/Documents/Unreal Projects/HitAndRun/Content/Construction_VOL1/Textures/Unique/TX_Dumpster_NRM.uexp" 2164
"C:/Users/period 5/Documents/Unreal Projects/HitAndRun/Content/Construction_VOL1/Textures/Unique/TX_Dumpster_ALB.ubulk" 2165
"C:/Users/period 5/Documents/Unreal Projects/HitAndRun/Content/Construction_VOL1/Textures/Unique/TX_Dumpster_ALB.uasset" 2166
"C:/Users/period 5/Documents/Unreal Projects/HitAndRun/Content/Construction_VOL1/Textures/Unique/TX_Dumpster_ALB.uexp" 2167
"C:/Users/period 5/Documents/Unreal Projects/HitAndRun/Content/Construction_VOL1/Materials/Instances/MI_Dumpster_01a.uasset" 2168
"C:/Users/period 5/Documents/Unreal Projects/HitAndRun/Content/Construction_VOL1/Materials/Instances/MI_Dumpster_01a.uexp" 2169
"C:/Users/period 5/Documents/Unreal Projects/HitAndRun/Content/Construction_VOL1/Textures/Tileable/TX_DebrisTile_RMA.ubulk" 2170
"C:/Users/period 5/Documents/Unreal Projects/HitAndRun/Content/Construction_VOL1/Textures/Tileable/TX_DebrisTile_RMA.uasset" 2171
"C:/Users/period 5/Documents/Unreal Projects/HitAndRun/Content/Construction_VOL1/Textures/Tileable/TX_DebrisTile_RMA.uexp" 2172
"C:/Users/period 5/Documents/Unreal Projects/HitAndRun/Content/Construction_VOL1/Textures/Tileable/TX_DebrisTile_NRM.ubulk" 2173
"C:/Users/period 5/Documents/Unreal Projects/HitAndRun/Content/Construction_VOL1/Textures/Tileable/TX_DebrisTile_NRM.uasset" 2174
"C:/Users/period 5/Documents/Unreal Projects/HitAndRun/Content/Construction_VOL1/Textures/Tileable/TX_DebrisTile_NRM.uexp" 2175
"C:/Users/period 5/Documents/Unreal Projects/HitAndRun/Content/Construction_VOL1/Textures/Tileable/TX_DebrisTile_ALB.ubulk" 2176
"C:/Users/period 5/Documents/Unreal Projects/HitAndRun/Content/Construction_VOL1/Textures/Tileable/TX_DebrisTile_ALB.uasset" 2177
"C:/Users/period 5/Documents/Unreal Projects/HitAndRun/Content/Construction_VOL1/Textures/Tileable/TX_DebrisTile_ALB.uexp" 2178
"C:/Users/period 5/Documents/Unreal Projects/HitAndRun/Content/Construction_VOL1/Materials/Instances/MI_DebrisTile_01a.uasset" 2179
"C:/Users/period 5/Documents/Unreal Projects/HitAndRun/Content/Construction_VOL1/Materials/Instances/MI_DebrisTile_01a.uexp" 2180
"C:/Users/period 5/Documents/Unreal Projects/HitAndRun/Content/Construction_VOL1/Meshes/SM_Dumpster.ubulk" 2181
"C:/Users/period 5/Documents/Unreal Projects/HitAndRun/Content/Construction_VOL1/Meshes/SM_Dumpster.uasset" 2182
"C:/Users/period 5/Documents/Unreal Projects/HitAndRun/Content/Construction_VOL1/Meshes/SM_Dumpster.uexp" 2183
"C:/Users/period 5/Documents/Unreal Projects/HitAndRun/Content/TopDownHybrid/Blueprints/Obstacles/BP_Obstacle_Normal3.uasset" 2184
"C:/Users/period 5/Documents/Unreal Projects/HitAndRun/Content/TopDownHybrid/Blueprints/Obstacles/BP_Obstacle_Normal3.uexp" 2185
"C:/Users/period 5/Documents/Unreal Projects/HitAndRun/Content/Construction_VOL1/Textures/Unique/TX_Portapotty_01_RMA.ubulk" 2186
"C:/Users/period 5/Documents/Unreal Projects/HitAndRun/Content/Construction_VOL1/Textures/Unique/TX_Portapotty_01_RMA.uasset" 2187
"C:/Users/period 5/Documents/Unreal Projects/HitAndRun/Content/Construction_VOL1/Textures/Unique/TX_Portapotty_01_RMA.uexp" 2188
"C:/Users/period 5/Documents/Unreal Projects/HitAndRun/Content/Construction_VOL1/Textures/Unique/TX_Portapotty_01_NRM.ubulk" 2189
"C:/Users/period 5/Documents/Unreal Projects/HitAndRun/Content/Construction_VOL1/Textures/Unique/TX_Portapotty_01_NRM.uasset" 2190
"C:/Users/period 5/Documents/Unreal Projects/HitAndRun/Content/Construction_VOL1/Textures/Unique/TX_Portapotty_01_NRM.uexp" 2191
"C:/Users/period 5/Documents/Unreal Projects/HitAndRun/Content/Construction_VOL1/Textures/Unique/TX_Portapotty_01_ALB.ubulk" 2192
"C:/Users/period 5/Documents/Unreal Projects/HitAndRun/Content/Construction_VOL1/Textures/Unique/TX_Portapotty_01_ALB.uasset" 2193
"C:/Users/period 5/Documents/Unreal Projects/HitAndRun/Content/Construction_VOL1/Textures/Unique/TX_Portapotty_01_ALB.uexp" 2194
"C:/Users/period 5/Documents/Unreal Projects/HitAndRun/Content/Construction_VOL1/Materials/Instances/MI_Portapotty_01a.uasset" 2195
"C:/Users/period 5/Documents/Unreal Projects/HitAndRun/Content/Construction_VOL1/Materials/Instances/MI_Portapotty_01a.uexp" 2196
"C:/Users/period 5/Documents/Unreal Projects/HitAndRun/Content/Construction_VOL1/Meshes/SM_Portapotty_01.ubulk" 2197
"C:/Users/period 5/Documents/Unreal Projects/HitAndRun/Content/Construction_VOL1/Meshes/SM_Portapotty_01.uasset" 2198
"C:/Users/period 5/Documents/Unreal Projects/HitAndRun/Content/Construction_VOL1/Meshes/SM_Portapotty_01.uexp" 2199
"C:/Users/period 5/Documents/Unreal Projects/HitAndRun/Content/TopDownHybrid/Blueprints/Obstacles/BP_Obstacle_Normal2.uasset" 2200
"C:/Users/period 5/Documents/Unreal Projects/HitAndRun/Content/TopDownHybrid/Blueprints/Obstacles/BP_Obstacle_Normal2.uexp" 2201
"C:/Users/period 5/Documents/Unreal Projects/HitAndRun/Content/Construction_VOL1/Textures/Unique/TX_PortableWaterTank_01_RMA.ubulk" 2202
"C:/Users/period 5/Documents/Unreal Projects/HitAndRun/Content/Construction_VOL1/Textures/Unique/TX_PortableWaterTank_01_RMA.uasset" 2203
"C:/Users/period 5/Documents/Unreal Projects/HitAndRun/Content/Construction_VOL1/Textures/Unique/TX_PortableWaterTank_01_RMA.uexp" 2204
"C:/Users/period 5/Documents/Unreal Projects/HitAndRun/Content/Construction_VOL1/Textures/Unique/TX_PortableWaterTank_01_NRM.ubulk" 2205
"C:/Users/period 5/Documents/Unreal Projects/HitAndRun/Content/Construction_VOL1/Textures/Unique/TX_PortableWaterTank_01_NRM.uasset" 2206
"C:/Users/period 5/Documents/Unreal Projects/HitAndRun/Content/Construction_VOL1/Textures/Unique/TX_PortableWaterTank_01_NRM.uexp" 2207
"C:/Users/period 5/Documents/Unreal Projects/HitAndRun/Content/Construction_VOL1/Textures/Unique/TX_PortableWaterTank_01_ALB.ubulk" 2208
"C:/Users/period 5/Documents/Unreal Projects/HitAndRun/Content/Construction_VOL1/Textures/Unique/TX_PortableWaterTank_01_ALB.uasset" 2209
"C:/Users/period 5/Documents/Unreal Projects/HitAndRun/Content/Construction_VOL1/Textures/Unique/TX_PortableWaterTank_01_ALB.uexp" 2210
"C:/Users/period 5/Documents/Unreal Projects/HitAndRun/Content/Construction_VOL1/Materials/Instances/MI_WaterTank_01a.uasset" 2211
"C:/Users/period 5/Documents/Unreal Projects/HitAndRun/Content/Construction_VOL1/Materials/Instances/MI_WaterTank_01a.uexp" 2212
"C:/Users/period 5/Documents/Unreal Projects/HitAndRun/Content/Construction_VOL1/Meshes/SM_WaterTank_01a.ubulk" 2213
"C:/Users/period 5/Documents/Unreal Projects/HitAndRun/Content/Construction_VOL1/Meshes/SM_WaterTank_01a.uasset" 2214
"C:/Users/period 5/Documents/Unreal Projects/HitAndRun/Content/Construction_VOL1/Meshes/SM_WaterTank_01a.uexp" 2215
"C:/Users/period 5/Documents/Unreal Projects/HitAndRun/Content/TopDownHybrid/Blueprints/Obstacles/BP_Obstacle_Normal1.uasset" 2216
"C:/Users/period 5/Documents/Unreal Projects/HitAndRun/Content/TopDownHybrid/Blueprints/Obstacles/BP_Obstacle_Normal1.uexp" 2217
"C:/Users/period 5/Documents/Unreal Projects/HitAndRun/Content/PaperAssets/Enemies/IMG_2027-ezgif_com-gif-to-sprite-converter.uasset" 2218
"C:/Users/period 5/Documents/Unreal Projects/HitAndRun/Content/PaperAssets/Enemies/IMG_2027-ezgif_com-gif-to-sprite-converter.uexp" 2219
"C:/Users/period 5/Documents/Unreal Projects/HitAndRun/Content/PaperAssets/Enemies/IMG_2027-ezgif_com-gif-to-sprite-converter_Sprite_0.uasset" 2220
"C:/Users/period 5/Documents/Unreal Projects/HitAndRun/Content/PaperAssets/Enemies/IMG_2027-ezgif_com-gif-to-sprite-converter_Sprite_0.uexp" 2221
"C:/Users/period 5/Documents/Unreal Projects/HitAndRun/Content/PaperAssets/Enemies/IMG_2027-ezgif_com-gif-to-sprite-converter_Sprite_1.uasset" 2222
"C:/Users/period 5/Documents/Unreal Projects/HitAndRun/Content/PaperAssets/Enemies/IMG_2027-ezgif_com-gif-to-sprite-converter_Sprite_1.uexp" 2223
"C:/Users/period 5/Documents/Unreal Projects/HitAndRun/Content/PaperAssets/Enemies/IMG_2027-ezgif_com-gif-to-sprite-converter_Sprite_2.uasset" 2224
"C:/Users/period 5/Documents/Unreal Projects/HitAndRun/Content/PaperAssets/Enemies/IMG_2027-ezgif_com-gif-to-sprite-converter_Sprite_2.uexp" 2225
"C:/Users/period 5/Documents/Unreal Projects/HitAndRun/Content/PaperAssets/Enemies/IMG_2027-ezgif_com-gif-to-sprite-converter_Sprite_3.uasset" 2226
"C:/Users/period 5/Documents/Unreal Projects/HitAndRun/Content/PaperAssets/Enemies/IMG_2027-ezgif_com-gif-to-sprite-converter_Sprite_3.uexp" 2227
"C:/Users/period 5/Documents/Unreal Projects/HitAndRun/Content/PaperAssets/Enemies/IMG_2027-ezgif_com-gif-to-sprite-converter_Sprite_4.uasset" 2228
"C:/Users/period 5/Documents/Unreal Projects/HitAndRun/Content/PaperAssets/Enemies/IMG_2027-ezgif_com-gif-to-sprite-converter_Sprite_4.uexp" 2229
"C:/Users/period 5/Documents/Unreal Projects/HitAndRun/Content/PaperAssets/Enemies/IMG_2027-ezgif_com-gif-to-sprite-converter_Sprite_5.uasset" 2230
"C:/Users/period 5/Documents/Unreal Projects/HitAndRun/Content/PaperAssets/Enemies/IMG_2027-ezgif_com-gif-to-sprite-converter_Sprite_5.uexp" 2231
"C:/Users/period 5/Documents/Unreal Projects/HitAndRun/Content/PaperAssets/Enemies/Enemy1_Walk.uasset" 2232
"C:/Users/period 5/Documents/Unreal Projects/HitAndRun/Content/PaperAssets/Enemies/Enemy1_Walk.uexp" 2233
"C:/Users/period 5/Documents/Unreal Projects/HitAndRun/Content/PaperAssets/Enemies/AS_Enemy1.uasset" 2234
"C:/Users/period 5/Documents/Unreal Projects/HitAndRun/Content/PaperAssets/Enemies/AS_Enemy1.uexp" 2235
"C:/Users/period 5/Documents/Unreal Projects/HitAndRun/Content/PaperAssets/Enemies/AnimSequences/Enemy1_Walk.uasset" 2236
"C:/Users/period 5/Documents/Unreal Projects/HitAndRun/Content/PaperAssets/Enemies/AnimSequences/Enemy1_Walk.uexp" 2237
"C:/Users/period 5/Documents/Unreal Projects/HitAndRun/Content/PaperAssets/Enemies/ABP_Enemy1.uasset" 2238
"C:/Users/period 5/Documents/Unreal Projects/HitAndRun/Content/PaperAssets/Enemies/ABP_Enemy1.uexp" 2239
"../../../Engine/Content/Functions/Engine_MaterialFunctions02/HueShift.uasset" 2240
"../../../Engine/Content/Functions/Engine_MaterialFunctions02/HueShift.uexp" 2241
"../../../Engine/Content/Functions/Engine_MaterialFunctions02/ExampleContent/HueShift_Mat.uasset" 2242
"../../../Engine/Content/Functions/Engine_MaterialFunctions02/ExampleContent/HueShift_Mat.uexp" 2243
"../../../Engine/Content/Functions/Engine_MaterialFunctions02/ExampleContent/HueShift_Inst.uasset" 2244
"../../../Engine/Content/Functions/Engine_MaterialFunctions02/ExampleContent/HueShift_Inst.uexp" 2245
"C:/Users/period 5/Documents/Unreal Projects/HitAndRun/Content/TopDownHybrid/Blueprints/enemies/BP_Enemy1.uasset" 2246
"C:/Users/period 5/Documents/Unreal Projects/HitAndRun/Content/TopDownHybrid/Blueprints/enemies/BP_Enemy1.uexp" 2247
"C:/Users/period 5/Documents/Unreal Projects/HitAndRun/Content/TopDownHybrid/Blueprints/BP_BackgroundTasks.uasset" 2248
"C:/Users/period 5/Documents/Unreal Projects/HitAndRun/Content/TopDownHybrid/Blueprints/BP_BackgroundTasks.uexp" 2249
"C:/Users/period 5/Documents/Unreal Projects/HitAndRun/Content/TopDownHybrid/Sounds/Sfx/EnemyDMG3.ubulk" 2250
"C:/Users/period 5/Documents/Unreal Projects/HitAndRun/Content/TopDownHybrid/Sounds/Sfx/EnemyDMG3.uasset" 2251
"C:/Users/period 5/Documents/Unreal Projects/HitAndRun/Content/TopDownHybrid/Sounds/Sfx/EnemyDMG3.uexp" 2252
"C:/Users/period 5/Documents/Unreal Projects/HitAndRun/Content/TopDownHybrid/Sounds/Sfx/EnemyDMG1.ubulk" 2253
"C:/Users/period 5/Documents/Unreal Projects/HitAndRun/Content/TopDownHybrid/Sounds/Sfx/EnemyDMG1.uasset" 2254
"C:/Users/period 5/Documents/Unreal Projects/HitAndRun/Content/TopDownHybrid/Sounds/Sfx/EnemyDMG1.uexp" 2255
"C:/Users/period 5/Documents/Unreal Projects/HitAndRun/Content/TopDownHybrid/Sounds/Sfx/EnemyDie.ubulk" 2256
"C:/Users/period 5/Documents/Unreal Projects/HitAndRun/Content/TopDownHybrid/Sounds/Sfx/EnemyDie.uasset" 2257
"C:/Users/period 5/Documents/Unreal Projects/HitAndRun/Content/TopDownHybrid/Sounds/Sfx/EnemyDie.uexp" 2258
"C:/Users/period 5/Documents/Unreal Projects/HitAndRun/Content/TopDownHybrid/Sounds/Sfx/Enem_Die_Cue.uasset" 2259
"C:/Users/period 5/Documents/Unreal Projects/HitAndRun/Content/TopDownHybrid/Sounds/Sfx/Enem_Die_Cue.uexp" 2260
"C:/Users/period 5/Documents/Unreal Projects/HitAndRun/Content/TopDownHybrid/Sounds/Sfx/EnemyDMG6.ubulk" 2261
"C:/Users/period 5/Documents/Unreal Projects/HitAndRun/Content/TopDownHybrid/Sounds/Sfx/EnemyDMG6.uasset" 2262
"C:/Users/period 5/Documents/Unreal Projects/HitAndRun/Content/TopDownHybrid/Sounds/Sfx/EnemyDMG6.uexp" 2263
"C:/Users/period 5/Documents/Unreal Projects/HitAndRun/Content/TopDownHybrid/Sounds/Sfx/EnemyDMG5.ubulk" 2264
"C:/Users/period 5/Documents/Unreal Projects/HitAndRun/Content/TopDownHybrid/Sounds/Sfx/EnemyDMG5.uasset" 2265
"C:/Users/period 5/Documents/Unreal Projects/HitAndRun/Content/TopDownHybrid/Sounds/Sfx/EnemyDMG5.uexp" 2266
"C:/Users/period 5/Documents/Unreal Projects/HitAndRun/Content/TopDownHybrid/Sounds/Sfx/EnemyDMG4.ubulk" 2267
"C:/Users/period 5/Documents/Unreal Projects/HitAndRun/Content/TopDownHybrid/Sounds/Sfx/EnemyDMG4.uasset" 2268
"C:/Users/period 5/Documents/Unreal Projects/HitAndRun/Content/TopDownHybrid/Sounds/Sfx/EnemyDMG4.uexp" 2269
"C:/Users/period 5/Documents/Unreal Projects/HitAndRun/Content/TopDownHybrid/Sounds/Sfx/EnemyDMG2.ubulk" 2270
"C:/Users/period 5/Documents/Unreal Projects/HitAndRun/Content/TopDownHybrid/Sounds/Sfx/EnemyDMG2.uasset" 2271
"C:/Users/period 5/Documents/Unreal Projects/HitAndRun/Content/TopDownHybrid/Sounds/Sfx/EnemyDMG2.uexp" 2272
"C:/Users/period 5/Documents/Unreal Projects/HitAndRun/Content/TopDownHybrid/Sounds/Sfx/EnemyDMG_Cue.uasset" 2273
"C:/Users/period 5/Documents/Unreal Projects/HitAndRun/Content/TopDownHybrid/Sounds/Sfx/EnemyDMG_Cue.uexp" 2274
"C:/Users/period 5/Documents/Unreal Projects/HitAndRun/Content/TopDownHybrid/Blueprints/enemies/BP_SuperEnem.uasset" 2275
"C:/Users/period 5/Documents/Unreal Projects/HitAndRun/Content/TopDownHybrid/Blueprints/enemies/BP_SuperEnem.uexp" 2276
"C:/Users/period 5/Documents/Unreal Projects/HitAndRun/Content/Construction_VOL1/Textures/Unique/TX_Trafficbarrier_RMA.ubulk" 2277
"C:/Users/period 5/Documents/Unreal Projects/HitAndRun/Content/Construction_VOL1/Textures/Unique/TX_Trafficbarrier_RMA.uasset" 2278
"C:/Users/period 5/Documents/Unreal Projects/HitAndRun/Content/Construction_VOL1/Textures/Unique/TX_Trafficbarrier_RMA.uexp" 2279
"C:/Users/period 5/Documents/Unreal Projects/HitAndRun/Content/Construction_VOL1/Textures/Unique/TX_Trafficbarrier_NRM.ubulk" 2280
"C:/Users/period 5/Documents/Unreal Projects/HitAndRun/Content/Construction_VOL1/Textures/Unique/TX_Trafficbarrier_NRM.uasset" 2281
"C:/Users/period 5/Documents/Unreal Projects/HitAndRun/Content/Construction_VOL1/Textures/Unique/TX_Trafficbarrier_NRM.uexp" 2282
"C:/Users/period 5/Documents/Unreal Projects/HitAndRun/Content/Construction_VOL1/Textures/Unique/TX_Trafficbarrier_ALB.ubulk" 2283
"C:/Users/period 5/Documents/Unreal Projects/HitAndRun/Content/Construction_VOL1/Textures/Unique/TX_Trafficbarrier_ALB.uasset" 2284
"C:/Users/period 5/Documents/Unreal Projects/HitAndRun/Content/Construction_VOL1/Textures/Unique/TX_Trafficbarrier_ALB.uexp" 2285
"C:/Users/period 5/Documents/Unreal Projects/HitAndRun/Content/Construction_VOL1/Materials/Instances/MI_Trafficbarrier_01a.uasset" 2286
"C:/Users/period 5/Documents/Unreal Projects/HitAndRun/Content/Construction_VOL1/Materials/Instances/MI_Trafficbarrier_01a.uexp" 2287
"C:/Users/period 5/Documents/Unreal Projects/HitAndRun/Content/Construction_VOL1/Meshes/SM_Trafficbarrier_01.ubulk" 2288
"C:/Users/period 5/Documents/Unreal Projects/HitAndRun/Content/Construction_VOL1/Meshes/SM_Trafficbarrier_01.uasset" 2289
"C:/Users/period 5/Documents/Unreal Projects/HitAndRun/Content/Construction_VOL1/Meshes/SM_Trafficbarrier_01.uexp" 2290
"C:/Users/period 5/Documents/Unreal Projects/HitAndRun/Content/Construction_VOL1/Textures/Unique/TX_Roadblock_RMA.ubulk" 2291
"C:/Users/period 5/Documents/Unreal Projects/HitAndRun/Content/Construction_VOL1/Textures/Unique/TX_Roadblock_RMA.uasset" 2292
"C:/Users/period 5/Documents/Unreal Projects/HitAndRun/Content/Construction_VOL1/Textures/Unique/TX_Roadblock_RMA.uexp" 2293
"C:/Users/period 5/Documents/Unreal Projects/HitAndRun/Content/Construction_VOL1/Textures/Unique/TX_Roadblock_NRM.ubulk" 2294
"C:/Users/period 5/Documents/Unreal Projects/HitAndRun/Content/Construction_VOL1/Textures/Unique/TX_Roadblock_NRM.uasset" 2295
"C:/Users/period 5/Documents/Unreal Projects/HitAndRun/Content/Construction_VOL1/Textures/Unique/TX_Roadblock_NRM.uexp" 2296
"C:/Users/period 5/Documents/Unreal Projects/HitAndRun/Content/Construction_VOL1/Textures/Unique/TX_Roadblock_ALB.ubulk" 2297
"C:/Users/period 5/Documents/Unreal Projects/HitAndRun/Content/Construction_VOL1/Textures/Unique/TX_Roadblock_ALB.uasset" 2298
"C:/Users/period 5/Documents/Unreal Projects/HitAndRun/Content/Construction_VOL1/Textures/Unique/TX_Roadblock_ALB.uexp" 2299
"C:/Users/period 5/Documents/Unreal Projects/HitAndRun/Content/Construction_VOL1/Materials/Instances/MI_Roadblock_01a.uasset" 2300
"C:/Users/period 5/Documents/Unreal Projects/HitAndRun/Content/Construction_VOL1/Materials/Instances/MI_Roadblock_01a.uexp" 2301
"C:/Users/period 5/Documents/Unreal Projects/HitAndRun/Content/Construction_VOL1/Meshes/SM_Roadblock_01a.ubulk" 2302
"C:/Users/period 5/Documents/Unreal Projects/HitAndRun/Content/Construction_VOL1/Meshes/SM_Roadblock_01a.uasset" 2303
"C:/Users/period 5/Documents/Unreal Projects/HitAndRun/Content/Construction_VOL1/Meshes/SM_Roadblock_01a.uexp" 2304
"C:/Users/period 5/Documents/Unreal Projects/HitAndRun/Content/TopDownHybrid/Blueprints/Wall.uasset" 2305
"C:/Users/period 5/Documents/Unreal Projects/HitAndRun/Content/TopDownHybrid/Blueprints/Wall.uexp" 2306
"C:/Users/period 5/Documents/Unreal Projects/HitAndRun/Content/TopDownHybrid/Maps/L_Hybrid.uexp" 2307
"C:/Users/period 5/Documents/Unreal Projects/HitAndRun/Content/TopDownHybrid/Maps/L_Hybrid.umap" 2308
